
<!--
  This Behavior Tree replans the global path periodically at 1 Hz and it also has
  recovery actions.
-->
<root main_tree_to_execute="MainTree">
  <BehaviorTree ID="MainTree">
    <RecoveryNode number_of_retries="6" name="NavigateRecovery">
      <PipelineSequence name="NavigateWithReplanning">
        <RateController hz="2.0">        
          <ComputePathToPose goal="{goal}" path="{path}" planner_id="GridBased"/>          
        </RateController>
        <RecoveryNode number_of_retries="1" name="FollowPath">
          <FollowPath path="{path}" controller_id="FollowPath"/>
          <ClearEntireCostmap name="ClearLocalCostmap-Context" service_name="local_costmap/clear_entirely_local_costmap"/>
        </RecoveryNode>
      </PipelineSequence>
      <ReactiveFallback name="RecoveryFallback">
        <GoalUpdated/>
        <SequenceStar name="RecoveryActions">
          <ClearEntireCostmap name="ClearLocalCostmap-Subtree" service_name="local_costmap/clear_entirely_local_costmap"/>
          <ClearEntireCostmap name="ClearGlobalCostmap-Subtree" service_name="global_costmap/clear_entirely_global_costmap"/>
          <Spin spin_dist="1.0"/>
          <Wait wait_duration="1"/>
        </SequenceStar>
      </ReactiveFallback>
    </RecoveryNode>
  </BehaviorTree>
</root>
