<root main_tree_to_execute = "MainTree">
    <BehaviorTree ID="MainTree">
        <Sequence>
            <SetBlackboard output_key="Goal_a" value="-0.579;-1.341;0.0;1.0" />
            <SetBlackboard output_key="Goal_b" value="5.214;-1.533;0.0;1.0" />
            <SetBlackboard output_key="Goal_c" value="-1.588;1.253;0.0;1.0" />
            <Repeat num_cycles="-1">
                <ForceSuccess>
                    <Fallback>
                        <Sequence>
                            <OpenVINOEvent object="cat"/>
                            <Sequence>
                                <SubTree ID="MoveRobot" target="Goal_c" />
                            </Sequence>
                        </Sequence>
                        <Sequence>
                            <OpenVINOEvent object="dog"/>
                            <Sequence>
                                <SubTree ID="MoveRobot" target="Goal_a" />
                            </Sequence>
                        </Sequence>
                        <Sequence>
                            <OpenVINOEvent object="cow"/>
                            <Sequence>
                                <SubTree ID="MoveRobot" target="Goal_b" />
                            </Sequence>
                        </Sequence>
                    </Fallback>
                </ForceSuccess>
            </Repeat>
        </Sequence>
    </BehaviorTree>

    <BehaviorTree ID="MoveRobot">
        <Sequence name="SetGoal">
            <Nav2Client goal="{target}" />
        </Sequence>
    </BehaviorTree>
</root>