<root main_tree_to_execute = "MainTree">
    <BehaviorTree ID="MainTree">
        <Repeat num_cycles="3">
            <Sequence>
                <SetBlackboard output_key="Goal_a" value="-0.579;-1.341;0.0;1.0" />
                <SetBlackboard output_key="Goal_b" value="5.214;-1.533;0.0;1.0" />
                <SetBlackboard output_key="Goal_c" value="-1.588;1.253;0.0;1.0" />
                <Sequence>
                    <SubTree ID="MoveRobot" target="Goal_a" />
                    <SnapshotClient/>
                    <SubTree ID="MoveRobot" target="Goal_b" />
                    <SnapshotClient/>
                    <SubTree ID="MoveRobot" target="Goal_c" />
                    <SnapshotClient/>
                </Sequence>
            </Sequence>
        </Repeat>
    </BehaviorTree>

    <BehaviorTree ID="MoveRobot">
        <Sequence name="SetGoal">
            <Nav2Client goal="{target}" />
        </Sequence>
    </BehaviorTree>
</root>
