<root main_tree_to_execute = "MainTree">
    <BehaviorTree ID="MainTree">
        <Sequence>
            <SetBlackboard output_key="Foward" value="i;0.5" />
            <SetBlackboard output_key="Stop"   value="k;0.25"/>
            <SetBlackboard output_key="Backward" value="<;0.5" /> 
            <SetBlackboard output_key="Right" value="l;2" /> 
            <SetBlackboard output_key="Left" value="j;2" /> 
            <Repeat num_cycles="-1">
                <ForceSuccess>
                    <Fallback>
                        <Sequence>
                            <OpenVINOEvent object="cat"/>
                            <Sequence>
                                <SubTree ID="MoveRobot" target="Foward" />
                                <SubTree ID="MoveRobot" target="Stop" />
                                <SubTree ID="MoveRobot" target="Backward" />
                                <SubTree ID="MoveRobot" target="Stop" />
                            </Sequence>
                        </Sequence>
                        <Sequence>
                            <OpenVINOEvent object="dog"/>
                            <Sequence>
                                <SubTree ID="MoveRobot" target="Backward" />
                                <SubTree ID="MoveRobot" target="Stop" />
                                <SubTree ID="MoveRobot" target="Foward" />
                                <SubTree ID="MoveRobot" target="Stop" />
                            </Sequence>
                        </Sequence>
                        <Sequence>
                            <OpenVINOEvent object="cow"/>
                            <Sequence>
                                <SubTree ID="MoveRobot" target="Left" />
                                <SubTree ID="MoveRobot" target="Stop" />
                                <SubTree ID="MoveRobot" target="Right" />
                                <SubTree ID="MoveRobot" target="Stop" />
                            </Sequence>
                        </Sequence>
                    </Fallback>
                </ForceSuccess>
            </Repeat>
        </Sequence>
    </BehaviorTree>

    <BehaviorTree ID="MoveRobot">
        <Sequence name="SetGoal">
            <SendCommandVel movement="{target}" />
        </Sequence>
    </BehaviorTree>
</root>
