<root main_tree_to_execute="MainTree">
    <BehaviorTree ID="MainTree">
        <Sequence name="root">

            <MoveAhead name="move"
                       distance="50"/>

            <Turn name="turn"
                  angle="90"/>

            <MoveAhead name="move"
                       distance="120"/>

            <Turn name="turn"
                  angle="-90"/>

            <MoveAhead name="move"
                       distance="800"/>

            <Turn name="turn"
                  angle="-90"/>

            <MoveAhead name="move"
                       distance="460"/>

            <Turn name="turn"
                  angle="-90"/>

            <MoveAhead name="move forward"
                       distance="600"/>
            <MoveAhead name="move back"
                       distance="-600"/>
            <MoveAhead name="move forward"
                       distance="600"/>

        </Sequence>
    </BehaviorTree>

</root>
