<!--
départ violet -> AX2
(départ jaune -> AX1,et tourner barillet pour se placer devant un non-rouge)
-->

<root main_tree_to_execute="MainTree">


    <BehaviorTree ID="CollectPucks">
        <Sequence>
            <MoveAhead moveForward="true"
                       distance = "778"
            />
            <Turn name = "turn_90_right"
                  angle = ""
            />
            <SubTree ID = "GetPuck" dist = "485">
            <SubTree ID = "GetPuck" dist = "100">
            <SubTree ID = "GetPuck" dist = "100">
            <SubTree ID = "GetPuck" dist = "100">
            <SubTree ID = "GetPuck" dist = "100">
            <SubTree ID = "GetPuck" dist = "100">
        </Sequence>
    </BehaviorTree>

    <BehaviorTree ID = "GetPuck">
        <MoveAhead moveForward="true"
                   distance = "{dist}"
        />
        <GrabPuck/>
        <ActiverBarillet/>
    </BehaviorTree>

    <BehaviorTree ID = "GrabPuck">
        <MoveAX_5 name="turn_90_left"
                  pos=""
                  mode="joint"
        />
        <MoveAX_3 name="approach_puck"
                  pos=""
                  mode="joint"
        />
        <ActivatePump/>
        <MoveAX_3 name="come_back"
                  pos=""
                  mode="joint"
        />
        <MoveAX_5 name="turn_90_right"
                  pos=""
                  mode="joint"
        />
        <MoveAX_4 name="approach_barrel"
                  pos=""
                  mode="joint"
        />
        <ActivatePump/>
        <MoveAX_4 name="come_back"
                  pos=""
                  mode="joint"
        />
    </BehaviorTree>



    <BehaviorTree ID="WeightPucks">
        <Sequence>
            <ActiverBarillet/>
            <MoveAhead moveForward="true"
                       distance = "828"
            />
            <!-- Trouver le noeud pour la répétition -->
            <Repeat nb="5">
                <MoveAX_1 name="psuh_puck"
                          pos=""
                          mode="joint"
                />
                <MoveAX_1 name="return"
                          pos=""
                          mode="joint"
                />
                <ActiverBarillet/>
            </Repeat>
        </Sequence>
    </BehaviorTree>



    <BehaviorTree ID="ReachAccelerator">
        <Sequence>
            <Turn name = "turn_90_right"
                  angle = ""
            />
            <MoveAhead moveForward="true"
                       distance = ""
            />
            <Turn name = "turn_90_left"
                  angle = ""
            />
            <MoveAhead moveForward="true"
                       distance = ""
            />
            <Turn name = "turn_90_right"
                  angle = ""
            />
            <MoveAhead moveForward="true"
                       distance = ""
            />
        </Sequence>
    </BehaviorTree>



    <BehaviorTree ID="DropInAccelerator">
        <MoveAX_1 name="psuh_puck"
                  pos=""
                  mode="joint"
        />
        <MoveAX_1 name="come_back"
                  pos=""
                  mode="joint"
        />
    </BehaviorTree>



    <BehaviorTree ID="MainTree">
        <Sequence>
            <SubTree ID="CollectPucks"/>
            <SubTree ID="WeightPucks"/>
            <SubTree ID="ReachAccelerator"/>
            <SubTree ID="DropInAccelerator"/>
        </Sequence>
    </BehaviorTree>
</root>