<root main_tree_to_execute = "FreeWalking" >
    <BehaviorTree ID="FreeWalking">
        <Sequence>
            <!--room1 = (2,2)-->
            <BaseMovement x="2" y="2"/>
            <StringParameterRequest title="Start walking to destination?" 
                                    msg="type [y] or [n]"
                                    value="{confirm}"/>
            <CheckBlackboard input="{confirm}" compare_to="y" />
            <!--room2 = (5,5)-->
            <BaseMovement x="5" y="5"/>
            <StringParameterRequest title="Patient arrived?" 
                                    msg="type [y] or [n]"
                                    value="{confirm}"/>
            <CheckBlackboard input="{confirm}" compare_to="y" />
            <!--waiting_area = (0,0)-->
            <BaseMovement x="0" y="0"/>
        </Sequence>
    </BehaviorTree>
</root>