 <root main_tree_to_execute = "GuidedWalking" >
    <BehaviorTree ID="GuidedWalking">
        <Sequence>
            <!--room1 = (2,2)-->
            <BaseMovement x="2" y="2"/>
            <!--arm_support_position = (200,200,0,0)-->
            <ArmMovement x="200" y="200" z="0" gripper_position="0"/>
            <StringParameterRequest title="Start walking to destination?" 
                                    msg="type [y] or [n]"
                                    value="{confirm}"/>
            <CheckBlackboard input="{confirm}" compare_to="y" />
            <!--room2 = (5,5)-->
            <BaseMovement x="5" y="5"/>
            <StringParameterRequest title="Patient arrived?" 
                                    msg="type [y] or [n]"
                                    value="{confirm}"/>
            <CheckBlackboard input="{confirm}" compare_to="y" />
            <!--arm_home_position = (0,0,0,0)-->
            <ArmMovement x="0" y="0" z="0" gripper_position="0"/>
            <!--waiting_area = (0,0)-->
            <BaseMovement x="0" y="0"/>
        </Sequence>
    </BehaviorTree>
 </root>