<root main_tree_to_execute = "MainTree">

    <BehaviorTree ID="MainTree">
        <Sequence name="main_sequence">
            <SetBlackboard output_key="move_goal" value="1;2;3" />
            <SubTree ID="MoveRobot" target="move_goal" output="move_result" />
            <SaySomething message="{move_result}"/>
        </Sequence>
    </BehaviorTree>

    <BehaviorTree ID="MoveRobot">
        <Fallback name="move_robot_main">
            <SequenceStar>
                <MoveBase       goal="{target}"/>
                <SetBlackboard output_key="output" value="mission accomplished" />
            </SequenceStar>
            <ForceFailure>
                <SetBlackboard output_key="output" value="mission failed" />
            </ForceFailure>
        </Fallback>
    </BehaviorTree>

</root>
