<root main_tree_to_execute="MainTree">

    <BehaviorTree ID="MoveAndShoot">
        <ReactiveSequence name="move_and_shoot_sequence">
            <!-- Non-uniform failure probability, good for test halting behavior of action/service -->
            <!-- Pinged at around 10Hz -->
            <RandomFailure probability="0.01"/>
            <!-- Test the service node -->
            <SnapPhotoNode server_name="/snap_photo" server_timeout="0" topic="test_topic"/>
            <!-- Test the action node -->
            <MoveDistanceNode server_name="/move_distance" server_timeout="100" cancel_timeout="0" distances="{distances}"/>
        </ReactiveSequence>
    </BehaviorTree>

    <BehaviorTree ID="MainTree">
        <Delay delay_msec="5">
            <Repeat num_cycles="5">
                <Sequence>
                    <!-- Test remapping ports between trees -->
                    <RandomDisplacement displacement="{displacement}"/>
                    <!-- Keep this going in case of random failure -->
                    <RetryUntilSuccesful num_attempts="3">
                        <SubTree ID="MoveAndShoot" distances="displacement" node="node"/>
                    </RetryUntilSuccesful>
                </Sequence>
            </Repeat>
        </Delay>
    </BehaviorTree>

</root>