<root main_tree_to_execute = "MainSquare" >
    <BehaviorTree ID="MainSquare">
        <SequenceStar>
            <ArmTakeoff altitude="1.5"/>
            <SubTree ID="Square"/>
            <Land/>
        </SequenceStar>
    </BehaviorTree>
    <BehaviorTree ID="Square">
        <SequenceStar>
            <GoWaypoint name="Top Left" frame="1" x="4.0" y="0.0" z="-1.5" heading="0.0"/>
            <GoWaypoint name="Top Right" frame="1" x="4.0" y="4.0" z="-3.0" heading="0.0"/>
            <GoWaypoint name="Bottom Right" frame="1" x="0.0" y="4.0" z="-3.0" heading="0.0"/>
            <GoWaypoint name="Bottom Left" frame="1" x="0.0" y="0.0" z="-1.5" heading="0.0"/>
        </SequenceStar>
    </BehaviorTree>
 </root>