<?xml version="1.0"?>
<root main_tree_to_execute="BehaviorTree">
    <!-- ////////// -->
    <BehaviorTree ID="BehaviorTree">
        <Sequence name="Robot-Aubo Depalletizing Demo">
            <Sequence name="set speed for robots">
                <Action ID="ExecuteGroupSpeed" group_name="arm" name="set robot speed" service_name="robot/execute_group_speed" value="1.0"/>
                <Action ID="ExecuteGroupSpeed" group_name="aubo" name="set aubo speed" service_name="aubo/execute_group_speed" value="0.5"/>
            </Sequence>
            <Sequence name="add collisions for Robot">
                <Action ID="ExecuteAddPlane" group_name="arm" name="Add groud to scene" plane_name="ground" plane_normal="0 0 1" plane_pose="0 0 0 0 0 0 1" service_name="robot/execute_add_plane"/>
                <Action ID="ExecuteAddBox" auto_subfix="1" box_name="left_wall" box_pose="2.76 1.2 1.35 0 0 0 1" box_size="5.5 0.001 2.7" group_name="arm" is_absolute="1" name="Add left wall" service_name="robot/execute_add_box"/>
                <Action ID="ExecuteAddBox" auto_subfix="1" box_name="right_wall" box_pose="2.76 -1.2 1.35 0 0 0 1" box_size="5.5 0.001 2.7" group_name="arm" is_absolute="1" name="Add right wall" service_name="robot/execute_add_box"/>
                <Action ID="ExecuteAddBox" auto_subfix="1" box_name="top_wall" box_pose="2.5 0 2.7 0 0 0 1" box_size="5 2.4 0.001" group_name="arm" is_absolute="1" name="Add top wall" service_name="robot/execute_add_box"/>
                <Action ID="ExecuteAddBox" auto_subfix="1" box_name="conveyor" box_pose="-1.341 0 0.4 0 0 0 1" box_size="2.56 1.26 0.8" group_name="arm" is_absolute="1" name="Add conveyor" service_name="robot/execute_add_box"/>
                <Action ID="ExecuteAddBox" auto_subfix="0" box_name="boxsur" box_pose="0.881 0 1.35 0 0 0 1" box_size="0.001 2.4 2.7" group_name="arm" is_absolute="1" name="box_surface" service_name="robot/execute_add_box"/>
            </Sequence>
            <Sequence name="add collisions for Aubo">
                <Action ID="ExecuteAddBox" auto_subfix="1" box_name="conveyor" box_pose="-0.49 0 -0.4 0 0 0 1" box_size="2.56 1.26 0.8" group_name="aubo" is_absolute="1" name="Add conveyor" service_name="aubo/execute_add_box"/>
                <Action ID="ExecuteAddBox" auto_subfix="1" box_name="top_wall" box_pose="0 0 1.9 0 0 0 1" box_size="2 2.4 0.001" group_name="aubo" is_absolute="1" name="Add top wall" service_name="aubo/execute_add_box"/>
                <Action ID="ExecuteAddBox" auto_subfix="1" box_name="left_wall" box_pose="0 -1.2 0.55 0 0 0 1" box_size="2 0.001 2.7" group_name="aubo" is_absolute="1" name="Add left wall" service_name="aubo/execute_add_box"/>
                <Action ID="ExecuteAddBox" auto_subfix="1" box_name="right_wall" box_pose="0 1.2 0.55 0 0 0 1" box_size="2 0.001 2.7" group_name="aubo" is_absolute="1" name="Add right wall" service_name="aubo/execute_add_box"/>
                <Action ID="ExecuteAddBox" auto_subfix="1" box_name="Robot_back" box_pose="0.85 0 0.55 0 0 0 1" box_size="0.001 0.15 2.7" group_name="aubo" is_absolute="1" name="Add Robot back" service_name="aubo/execute_add_box"/>
            </Sequence>
            <Sequence name="initialize robots">
                <Action ID="ExecuteGroupNamedStates" group_name="aubo" name="aubo initial state" service_name="aubo/execute_group_named_states" state_name="A"/>
                <Action ID="ExecuteGroupNamedStates" group_name="arm" name="robot initial state" service_name="robot/execute_group_named_states" state_name="left_pre"/>
            </Sequence>
            <Repeat num_cycles="100">
                <Sequence name="Depalletizing Proccess">
                    <Action ID="SenseObjectPose" category="" pose="{box_surface_pose}" service_name="sense_object_pose"/>
                    <Action ID="ExecutePlanning" category="" pick_pose="{pick_pose}" place_pose="{place_pose}" pose="{box_surface_pose}" post_middle_pose="{post_middle_pose}" post_pick_pose="{post_pick_pose}" post_pick_pose_edge="{post_pick_pose_edge}" pre_middle_pose="{pre_middle_pose}" pre_pick_pose="{pre_pick_pose}" service_name="execute_planning"/>
                    <Action ID="ExecuteGroupLinearJointStates" goal="{pre_middle_pose}" group_name="arm" name="pre middle" service_name="robot/execute_group_joint_states" tolerance="0.01"/>
                    <Action ID="ExecuteRemoveObject" is_exact="1" name="remove boxes_surface" obj_name="boxsur" service_name="robot/execute_remove_object"/>
                    <Action ID="ConnectWaypoints" connected_waypoints="{pick_motion}" name="pick motion" service_name="connect_waypoints" waypoint1="{pre_pick_pose}" waypoint2="{pick_pose}" waypoint3="" waypoint4="" waypoint5=""/>
                    <Action ID="ExecuteGroupManyPoses" constraint="" eef_step="0.1" goal_type="0" goals="{pick_motion}" group_name="arm" name="pre pick and pick" service_name="robot/execute_group_many_poses" tolerance="0.01"/>
                    <Action ID="ExecuteSuction" enable="1" service_name="execute_suction"/>
                    <Action ID="ConnectWaypoints" connected_waypoints="{pull_out}" name="pull out" service_name="connect_waypoints" waypoint1="{post_pick_pose}" waypoint2="{post_pick_pose_edge}" waypoint3="" waypoint4="" waypoint5=""/>
                    <Action ID="ExecuteGroupManyPoses" constraint="" eef_step="0.1" goal_type="0" goals="{pull_out}" group_name="arm" name="post pick" service_name="robot/execute_group_many_poses" tolerance="0.01"/>
                    <Action ID="ExecuteGroupLinearJointStates" goal="{post_middle_pose}" group_name="arm" name="post middle" service_name="robot/execute_group_joint_states" tolerance="0.01"/>
                    <Action ID="ExecuteGroupLinearJointStates" goal="{place_pose}" group_name="arm" name="place" service_name="robot/execute_group_joint_states" tolerance="0.01"/>
                    <Action ID="ExecuteSuction" enable="0" service_name="execute_suction"/>
                    <Action ID="ExecuteAddBox" auto_subfix="0" box_name="boxsur" box_pose="0.881 0 1.35 0 0 0 1" box_size="0.001 2.4 2.7" group_name="arm" is_absolute="1" name="box_surface" service_name="robot/execute_add_box"/>
                    <Action ID="ExecuteGroupLinearJointStates" goal="{pre_middle_pose}" group_name="arm" name="back to pre middle" service_name="robot/execute_group_joint_states" tolerance="0.01"/>
                </Sequence>
            </Repeat>
        </Sequence>
    </BehaviorTree>
    <!-- ////////// -->
    <TreeNodesModel>
        <Action ID="ConnectWaypoints">
            <output_port name="connected_waypoints">PoseArray</output_port>
            <input_port default="connect_waypoints" name="service_name"/>
            <input_port name="waypoint1">Pose</input_port>
            <input_port name="waypoint2">Pose</input_port>
            <input_port name="waypoint3">Pose</input_port>
            <input_port name="waypoint4">Pose</input_port>
            <input_port name="waypoint5">Pose</input_port>
        </Action>
        <Action ID="ExecuteAddBox">
            <input_port default="1" name="auto_subfix"/>
            <input_port default="box" name="box_name"/>
            <input_port default="{place_pose}" name="box_pose"/>
            <input_port default="0.2 0.2 0.2" name="box_size"/>
            <input_port default="arm" name="group_name"/>
            <input_port default="1" name="is_absolute"/>
            <input_port default="robot/execute_add_box" name="service_name"/>
        </Action>
        <Action ID="ExecuteAddPlane">
            <input_port default="arm" name="group_name"/>
            <input_port default="ground" name="plane_name"/>
            <input_port default="0 0 1" name="plane_normal"/>
            <input_port default="0 0 0 0 0 0 1" name="plane_pose">Pose</input_port>
            <input_port default="robot/execute_add_plane" name="service_name"/>
        </Action>
        <Action ID="ExecuteAttachBox">
            <input_port name="box_name"/>
            <input_port name="box_pose"/>
            <input_port name="box_size"/>
            <input_port default="gripper" name="eef_group_name"/>
            <input_port default="arm" name="group_name"/>
            <input_port default="robot/execute_attach_box" name="service_name"/>
        </Action>
        <Action ID="ExecuteDetachObject">
            <input_port default="arm" name="group_name"/>
            <input_port name="obj_name"/>
            <input_port default="robot/execute_detach_object" name="service_name"/>
        </Action>
        <Action ID="ExecuteGroupAngularJointStates">
            <input_port default="0 0 0 0 0 0 0" name="goal"/>
            <input_port default="panda_arm" name="group_name"/>
            <input_port default="robot/execute_group_joint_states" name="service_name"/>
            <input_port default="0.01" name="tolerance"/>
        </Action>
        <Action ID="ExecuteGroupLinearJointStates">
            <input_port default="0.04 0.04" name="goal"/>
            <input_port default="hand" name="group_name"/>
            <input_port default="robot/execute_group_joint_states" name="service_name"/>
            <input_port default="0.01" name="tolerance"/>
        </Action>
        <Action ID="ExecuteGroupManyPoses">
            <input_port name="constraint">If 'r', 'p', or 'y' is given, the eef_frame should not rotate about itself along x-, y-, or z-axis. You can combine them like 'rp', 'ry', 'py', and 'rpy'. Default ''</input_port>
            <input_port default="0.1" name="eef_step"/>
            <input_port default="0" name="goal_type">0: Pose wrt the global base frame (robot base); 1: Pose wrt the base frame transferred to current eef base position; 2: pose wrt the eef frame</input_port>
            <input_port default="0 0 0 0 0 0 1" name="goals">Goals for each waypoint to reach, seperate with ; </input_port>
            <input_port default="arm" name="group_name">The group providing the reference frame</input_port>
            <input_port default="robot/execute_group_many_poses" name="service_name"/>
            <input_port default="0.01" name="tolerance"/>
        </Action>
        <Action ID="ExecuteGroupNamedStates">
            <input_port default="aubo" name="group_name">The group providing the reference frame</input_port>
            <input_port default="aubo/execute_group_named_states" name="service_name"/>
            <input_port default="A" name="state_name">A: Camera to up left; B: Camera to up right; C: Camera to bottom left; D: Camera to bottom right</input_port>
        </Action>
        <Action ID="ExecuteGroupPose">
            <input_port name="constraint">If 'r', 'p', or 'y' is given, the eef_frame should not rotate about itself along x-, y-, or z-axis. You can combine them like 'rp', 'ry', 'py', and 'rpy'. Default ''</input_port>
            <input_port default="0 0 0 0 0 0 1" name="goal"/>
            <input_port default="0" name="goal_type">0: Pose wrt the global base frame (robot base); 1: Pose wrt the base frame transferred to current eef base position; 2: pose wrt the eef frame</input_port>
            <input_port default="arm" name="group_name">The group providing the reference frame</input_port>
            <input_port default="robot/execute_group_pose" name="service_name"/>
            <input_port default="0.01" name="tolerance"/>
        </Action>
        <Action ID="ExecuteGroupShift">
            <input_port default="z" name="axis">Could be x y z roll pitch yaw</input_port>
            <input_port default="0" name="goal"/>
            <input_port default="arm" name="group_name"/>
            <input_port default="0" name="is_absolute"/>
            <input_port default="robot/execute_group_shift" name="service_name"/>
            <input_port default="0.01" name="tolerance"/>
        </Action>
        <Action ID="ExecuteGroupSpeed">
            <input_port default="arm" name="group_name">The group providing the reference frame</input_port>
            <input_port default="robot/execute_group_speed" name="service_name"/>
            <input_port default="0.5" name="value">The velocity scaling factor, Allowed values are in (0,1]</input_port>
        </Action>
        <Action ID="ExecutePlanning">
            <input_port name="category">0 for large box, 1 for small box</input_port>
            <output_port default="{pick_pose}" name="pick_pose">Pose</output_port>
            <output_port default="{place_pose}" name="place_pose">Double Array</output_port>
            <input_port default="{box_surface_pose}" name="pose">Pose</input_port>
            <output_port default="{post_middle_pose}" name="post_middle_pose">Double Array</output_port>
            <output_port default="{post_pick_pose}" name="post_pick_pose">Pose</output_port>
            <output_port default="{post_pick_pose_edge}" name="post_pick_pose_edge">Pose</output_port>
            <output_port default="{pre_middle_pose}" name="pre_middle_pose">Double Array</output_port>
            <output_port default="{pre_pick_pose}" name="pre_pick_pose">Pose</output_port>
            <input_port default="execute_planning" name="service_name"/>
        </Action>
        <Action ID="ExecuteRemoveObject">
            <input_port default="1" name="is_exact"/>
            <input_port name="obj_name"/>
            <input_port default="robot/execute_remove_object" name="service_name"/>
        </Action>
        <Action ID="ExecuteSuction">
            <input_port default="0" name="enable"/>
            <input_port default="execute_suction" name="service_name"/>
        </Action>
        <Action ID="FetchDetectedInfo">
            <output_port name="category">String, 0 for large box, 1 for small box</output_port>
            <output_port name="pose">Pose</output_port>
            <input_port default="fetch_detected_info" name="service_name"/>
        </Action>
        <Action ID="SenseObjectPose">
            <output_port name="category">String, 0 for large box, 1 for small box</output_port>
            <output_port name="pose">Pose</output_port>
            <input_port default="sense_object_pose" name="service_name"/>
        </Action>
        <Action ID="StoreDetectedInfo">
            <input_port name="category">String, 0 for large box, 1 for small box</input_port>
            <input_port name="pose">Pose</input_port>
            <input_port default="store_detected_info" name="service_name"/>
        </Action>
        <Action ID="TypeInPose">
            <output_port name="pose_on_blackboard">Pose on blackboard</output_port>
            <input_port default="type_in_pose" name="service_name"/>
            <input_port default="0 0 0 0 0 0 1" name="type_in_pose">Pose to be typed in</input_port>
        </Action>
    </TreeNodesModel>
    <!-- ////////// -->
</root>

