 <root main_tree_to_execute = "MainTree" >
     <BehaviorTree ID="MainTree">
        <Sequence name="root_sequence">
            <!-- Utilizo Fallback por que en caso de que se cumpla -->
            <!-- la primera condicion, no es necesario AproachRoom -->
            <Fallback name="check_room"> <!-- Fallback: comprueba si esta en la habitacion, si no, va a ella-->
                <inRoom         name="in_room"        room="{room}"/>
                <ApproachRoom   name="approach_room"  room="{room}"/>
            </Fallback>
            <setTF         name="setTF"          object="{object}"/>
            <ReactiveSequence name="check_room"> <!-- Secuencia reactiva: si turnToTf no da success, no se ejcuta approach object-->
                <turnToTf        name="turn_to_tf"        object="{object}"/>
                <ApproachObject name="approach_object" object="{object}"/> <!-- Si esta en frente del objeto, se acerca-->
            </ReactiveSequence>
        </Sequence>
     </BehaviorTree>
 </root>