<root main_tree_to_execute="BehaviorTree">
    <!--------------------------------------->
    <BehaviorTree ID="BehaviorTree">
        <Root>
            <Fallback name="FB1">
                <Sequence name="S1">
                    <Fallback name="FB2">
                        <Sequence name="S3">
                            <Condition ID="Room_known"/>
                            <Action ID="Go_to_room"/>
                        </Sequence>
                        <Action ID="Follow_human"/>
                    </Fallback>
                    <Sequence name="S2">
                        <Action ID="Find_bottle"/>
                        <Action ID="Fetch_bottle"/>
                    </Sequence>
                </Sequence>
                <Action ID="Ask_for_help"/>
            </Fallback>
        </Root>
    </BehaviorTree>
    <!--------------------------------------->
    <TreeNodesModel>
        <Action ID="Ask_for_help"/>
        <Action ID="Fetch_bottle"/>
        <Action ID="Find_bottle"/>
        <Action ID="Follow_human"/>
        <Action ID="Go_to_kitchen"/>
        <Action ID="Go_to_room"/>
        <Condition ID="Room_known"/>
    </TreeNodesModel>
    <!--------------------------------------->
</root>

