<!--AutoLocalization-->
<root main_tree_to_execute="MainTree">
  <BehaviorTree ID="MainTree">
    <FallbackStar name="root_AutoLocalization">
      <initialPoseReceived/>
      <SequenceStar name="doSelfLocalization">
        <RetryUntilSuccesful num_attempts="5" name="retry_client_request">
          <globalLocalizationServiceRequest/>
        </RetryUntilSuccesful>
        <RetryUntilSuccesful num_attempts="10" name="retry_localization">
          <Sequence>
            <Fallback>
              <IsLocalized/>
              <SequenceStar>
               <Spin/>
               <BackUp/>
               <Spin/>
             </SequenceStar>
            </Fallback>
            <IsLocalized/>
          </Sequence> 
        </RetryUntilSuccesful>
      </SequenceStar>
    </FallbackStar>
  </BehaviorTree>
</root>