<?xml version="1.0" encoding="utf-8"?>

<!--
 Copyright (c) 2020  Carnegie Mellon University

 Permission is hereby granted, free of charge, to any person obtaining a copy
 of this software and associated documentation files (the "Software"), to deal
 in the Software without restriction, including without limitation the rights
 to use, copy, modify, merge, publish, distribute, sublicense, and/or sell
 copies of the Software, and to permit persons to whom the Software is
 furnished to do so, subject to the following conditions:

 The above copyright notice and this permission notice shall be included in all
 copies or substantial portions of the Software.

 THE SOFTWARE IS PROVIDED "AS IS", WITHOUT WARRANTY OF ANY KIND, EXPRESS OR
 IMPLIED, INCLUDING BUT NOT LIMITED TO THE WARRANTIES OF MERCHANTABILITY,
 FITNESS FOR A PARTICULAR PURPOSE AND NONINFRINGEMENT. IN NO EVENT SHALL THE
 AUTHORS OR COPYRIGHT HOLDERS BE LIABLE FOR ANY CLAIM, DAMAGES OR OTHER
 LIABILITY, WHETHER IN AN ACTION OF CONTRACT, TORT OR OTHERWISE, ARISING FROM,
 OUT OF OR IN CONNECTION WITH THE SOFTWARE OR THE USE OR OTHER DEALINGS IN THE
 SOFTWARE.
-->
<!--
    This Behavior Tree replans the global path periodically at 1 Hz and it also has
    recovery actions.
-->

<root main_tree_to_execute="ElevatorTree">
  <BehaviorTree ID="ElevatorTree">
    <Sequence>
      <RecoveryNode name="ClearCostmapRecorvery">
	<Sequence name="ClearCostmapSequence">
	  <!-- clear costmap intentionally to get a path go through the door -->
	  <ClearEntireCostmap name="ClearGlobalCostmap-context" server_timeout="5000"
			      service_name="/local/global_costmap/clear_entirely_global_costmap"/>
	  <ClearEntireCostmap name="ClearLocalCostmap-context" server_timeout="5000"
			      service_name="/local/local_costmap/clear_entirely_local_costmap"/>
	  <ComputePathToPose goal="{goal}" path="{path_temp}" planner_id="GridBased"/>
	  <CheckPath  path="{path_temp}" path_topic="/path" plan_topic="/plan" path_out="{path}"
		      average_threshold="0.3"/>
	  <!-- front vibration -->
	  <PublishTopic topic="/cabot/event" value="navigation;event;navigation_start" />
	</Sequence>
	<AlwaysSuccess/>
      </RecoveryNode>
      
      <RecoveryNode number_of_retries="99999999" name="NavigateRecovery">
	<PipelineSequence name="NavigateWithReplanning">
	  <!-- Not using RateController, so that the robot can keep trying to find an updated path -->
	  <RecoveryNode number_of_retries="99999999" name="UpdatePathRecovery">
	    <Sequence>
	      <WaitFloat wait_duration_float="0.5"/>
	      <ComputePathToPose goal="{goal}" path="{path_temp}" planner_id="GridBased"/>
	      <CheckPath  path="{path_temp}" path_topic="/path" plan_topic="/plan" path_out="{path}"
			  average_threshold="0.3"/>
	    </Sequence>
	    <AlwaysSuccess/>
	  </RecoveryNode>
	  <RecoveryNode number_of_retries="5" name="FollowPathRecovery">
	    <FollowPath path="{path}" controller_id="FollowPath" />
	    <AlwaysSuccess/>
	  </RecoveryNode>
	</PipelineSequence>
	<RecoveryNode>
	  <Sequence name="RecoveryActions">
	    <ClearEntireCostmap name="ClearGlobalCostmap-context" server_timeout="5000"
				service_name="/local/global_costmap/clear_entirely_global_costmap"/>
	    <ClearEntireCostmap name="ClearLocalCostmap-context" server_timeout="5000"
				service_name="/local/local_costmap/clear_entirely_local_costmap"/>
	  </Sequence>
	  <AlwaysSuccess/>
	</RecoveryNode>
      </RecoveryNode>
    </Sequence>
  </BehaviorTree>
</root>
