<!--
  This Behavior Tree replans the global path periodically at 1 Hz and it also has
  recovery actions.
-->
<root main_tree_to_execute="MainTree">
  <BehaviorTree ID="MainTree">
    <RecoveryNode number_of_retries="6" name="NavigateRecovery">
      <PipelineSequence name="NavigateWithReplanning">
        <RateController hz="1.0">
          <RecoveryNode number_of_retries="1" name="ComputePathToPose">
            <ComputePathToPose goal="{goal}" path="{path}" planner_id="GridBased"/>
            <ClearEntireCostmap service_name="global_costmap/clear_entirely_global_costmap"/>
          </RecoveryNode>
        </RateController>
        <RecoveryNode number_of_retries="1" name="FollowPath">
          <FollowPath path="{path}" controller_id="FollowPath"/>
          <ClearEntireCostmap service_name="local_costmap/clear_entirely_local_costmap"/>
        </RecoveryNode>
      </PipelineSequence>
      <SequenceStar name="RecoveryActions">
        <ClearEntireCostmap service_name="local_costmap/clear_entirely_local_costmap"/>
        <ClearEntireCostmap service_name="global_costmap/clear_entirely_global_costmap"/>
        <Spin spin_dist="1.57"/>
        <Wait wait_duration="5"/>
      </SequenceStar>
    </RecoveryNode>
  </BehaviorTree>
</root>
