<root main_tree_to_execute="BehaviorTree">
    <!-- ////////// -->
    <BehaviorTree ID="BehaviorTree">
        <Sequence>
            <Action ID="Print" message="Hello"/>
            <Fallback>
                <Timeout msec="2000">
                    <Action ID="AlwaysRunning"/>
                </Timeout>
                <Sequence>
                    <Condition ID="ConditionCheck" topic="/condition"/>
                    <Action ID="Print" message="Baby"/>
                </Sequence>
                <Action ID="Print" message="World"/>
            </Fallback>
            <Fallback>
                <Sequence>
                    <Condition ID="MessageCheck" topic="/trigger"/>
                    <Action timeout="100" ID="Trigger" service_name="safety"/>
                </Sequence>
                <Action ID="Wait" duration="3000"/>
            </Fallback>
            <Action ID="Print" message="Done"/>
        </Sequence>
    </BehaviorTree>
    <!-- ////////// -->
    <TreeNodesModel>
        <Action ID="AlwaysRunning"/>
        <Condition ID="ConditionCheck">
            <input_port name="topic"/>
        </Condition>
        <Condition ID="MessageCheck">
            <input_port name="topic"/>
        </Condition>
        <Action ID="Print">
            <input_port type="std::string" name="message"/>
        </Action>
        <Action ID="Trigger">
            <input_port type="std::string" name="service_name">name of the ROS service</input_port>
            <input_port type="unsigned int" name="timeout">timeout to connect to server (milliseconds)</input_port>
        </Action>
        <Action ID="Wait">
            <input_port name="duration">Waiting for duration (ms)</input_port>
        </Action>
    </TreeNodesModel>
    <!-- ////////// -->
</root>

