<root main_tree_to_execute="MainTree">
    <!-- ////////// -->
    <BehaviorTree ID="DoorClosed">
        <Sequence name="door_closed_sequence">
            <Inverter>
                <Condition ID="IsDoorOpen"/>
            </Inverter>
            <RetryUntilSuccesful num_attempts="4">
                <Action ID="OpenDoor"/>
            </RetryUntilSuccesful>
            <Action ID="PassThroughDoor"/>
        </Sequence>
    </BehaviorTree>
    <!-- ////////// -->
    <BehaviorTree ID="MainTree">
        <Sequence>
            <Fallback name="root_Fallback">
                <Sequence name="door_open_sequence">
                    <Condition ID="IsDoorOpen"/>
                    <Action ID="PassThroughDoor"/>
                </Sequence>
                <SubTree ID="DoorClosed"/>
                <Action ID="PassThroughWindow"/>
            </Fallback>
            <Action ID="CloseDoor"/>
        </Sequence>
    </BehaviorTree>
    <!-- ////////// -->
    <TreeNodesModel>
        <Action ID="CloseDoor"/>
        <SubTree ID="DoorClosed"/>
        <Condition ID="IsDoorOpen"/>
        <Action ID="OpenDoor"/>
        <Action ID="PassThroughDoor"/>
        <Action ID="PassThroughWindow"/>
    </TreeNodesModel>
    <!-- ////////// -->
</root>

