<?xml version="1.0"?>
<root main_tree_to_execute="BehaviorTree">
    <!-- ////////// -->
    <BehaviorTree ID="BehaviorTree">
        <Sequence>
            <Action ID="ExecuteGroupPose" goal="0 0 0 0 0 0 1" group_name="arm" is_absolute="0" service_name="execute_group_pose" tolerance="0.01"/>
        </Sequence>
    </BehaviorTree>
    <!-- ////////// -->
    <TreeNodesModel>
        <Action ID="ExecuteAddCollisionBox">
            <input_port default="1" name="auto_suffix"/>
            <input_port default="box" name="box_name"/>
            <input_port default="{place_pose}" name="box_pose"/>
            <input_port default="0.2 0.2 0.2" name="box_size"/>
            <input_port default="arm" name="group_name"/>
            <input_port default="1" name="is_absolute">if true, the ref is the base_frame of group, otherwise the eef_frame</input_port>
            <input_port default="execute_add_box" name="service_name"/>
        </Action>
        <Action ID="ExecuteAddCollisionPlane">
            <input_port default="0" name="auto_suffix"/>
            <input_port default="arm" name="group_name"/>
            <input_port default="ground" name="plane_name"/>
            <input_port default="0 0 1" name="plane_normal"/>
            <input_port default="0 0 0 0 0 0 1" name="plane_pose">Pose</input_port>
            <input_port default="execute_add_plane" name="service_name"/>
        </Action>
        <Action ID="ExecuteAllPlans">
            <input_port default="0 0 0 0 0 0 1" name="all_poses">Poses for each group to visit, seperate with | for different groups</input_port>
            <input_port default="0" name="allow_collision"/>
            <input_port default="panda_arm" name="group_names"/>
            <input_port default="0" name="is_absolute"/>
            <input_port default="execute_all_plans" name="service_name"/>
            <input_port default="1" name="stamps"/>
        </Action>
        <Action ID="ExecuteAllPoses">
            <input_port default="0" name="allow_collision"/>
            <input_port default="0 0 0 0 0 0 1" name="goals">Goals for each group to reach, seperate with ;</input_port>
            <input_port default="panda_arm" name="group_names">Names of groups to control, seperate with space</input_port>
            <input_port default="0" name="is_absolute"/>
            <input_port default="execute_all_poses" name="service_name"/>
            <input_port default="1" name="stamps">Time stamps for each group reaching the goal, seperate with space</input_port>
        </Action>
        <Action ID="ExecuteAttachCollisionBox">
            <input_port name="box_name"/>
            <input_port name="box_pose"/>
            <input_port name="box_size"/>
            <input_port default="gripper" name="eef_group_name"/>
            <input_port default="arm" name="group_name"/>
            <input_port default="execute_attach_box" name="service_name"/>
        </Action>
        <Action ID="ExecuteDetachCollision">
            <input_port default="arm" name="group_name"/>
            <input_port name="obj_name"/>
            <input_port default="execute_detach_object" name="service_name"/>
        </Action>
        <Action ID="ExecuteGroupAngularJointStates">
            <input_port default="0 0 0 0 0 0 0" name="goal"/>
            <input_port default="panda_arm" name="group_name"/>
            <input_port default="execute_group_joint_states" name="service_name"/>
            <input_port default="0.01" name="tolerance"/>
        </Action>
        <Action ID="ExecuteGroupLinearJointStates">
            <input_port default="0.04 0.04" name="goal"/>
            <input_port default="hand" name="group_name"/>
            <input_port default="execute_group_joint_states" name="service_name"/>
            <input_port default="0.001" name="tolerance"/>
        </Action>
        <Action ID="ExecuteGroupPlan">
            <input_port default="0" name="allow_collision"/>
            <input_port default="panda_arm" name="group_name"/>
            <input_port default="0" name="is_absolute"/>
            <input_port default="0 0 0.1 0 0 0 1;0 0 -0.1 0 0 0 1" name="poses">Trajectory poses in plan. Each pose is relevant to the last pose.</input_port>
            <input_port default="execute_group_plan" name="service_name"/>
            <input_port default="2" name="stamp">Time stamp of the last pose in plan</input_port>
        </Action>
        <Action ID="ExecuteGroupPose">
            <input_port default="0 0 0 0 0 0 1" name="goal"/>
            <input_port default="arm" name="group_name"/>
            <input_port default="0" name="is_absolute"/>
            <input_port default="execute_group_pose" name="service_name"/>
            <input_port default="0.01" name="tolerance"/>
        </Action>
        <Action ID="ExecuteGroupPosition">
            <input_port default="0 0 0" name="goal"/>
            <input_port default="arm" name="group_name"/>
            <input_port default="0" name="is_absolute"/>
            <input_port default="execute_group_position" name="service_name"/>
            <input_port default="0.005" name="tolerance"/>
        </Action>
        <Action ID="ExecuteGroupShift">
            <input_port default="z" name="axis">Could be x y z roll pitch yaw</input_port>
            <input_port default="0" name="goal"/>
            <input_port default="arm" name="group_name"/>
            <input_port default="0" name="is_absolute"/>
            <input_port default="execute_group_shift" name="service_name"/>
            <input_port default="0.01" name="tolerance"/>
        </Action>
        <Action ID="ExecuteRemoveCollision">
            <input_port default="1" name="is_exact"/>
            <input_port name="obj_name"/>
            <input_port default="execute_remove_object" name="service_name"/>
        </Action>
    </TreeNodesModel>
    <!-- ////////// -->
</root>

