<?xml version="1.0"?>
<root main_tree_to_execute="BehaviorTree">
    <!-- ////////// -->
    <BehaviorTree ID="AutoClean">
        <Fallback>
            <Condition ID="IsCleanProcessFinished"/>
            <Fallback>
                <Condition ID="IsThereEnoughWater"/>
                <Sequence>
                    <Timeout msec="120000">
                        <Condition ID="IsWaterTankRemoved"/>
                    </Timeout>
                    <Fallback>
                        <Timeout msec="120000">
                            <Condition ID="IsWaterTankFull"/>
                        </Timeout>
                        <Action ID="FillWaterTank"/>
                    </Fallback>
                    <Timeout msec="120000">
                        <Condition ID="IsWaterTankPlacedInCoffeeMachine"/>
                    </Timeout>
                    <Timeout msec="120000">
                        <Condition ID="IsCleanProcessFinished"/>
                    </Timeout>
                </Sequence>
            </Fallback>
            <Fallback>
                <Inverter>
                    <Condition ID="IsMarroTankFull"/>
                </Inverter>
                <Sequence>
                    <Timeout msec="120000">
                        <Condition ID="IsMarroTankRemoved"/>
                    </Timeout>
                    <Fallback>
                        <Timeout msec="120000">
                            <Condition ID="IsMarroTankEmpty"/>
                        </Timeout>
                        <Action ID="EmptyMarroTank"/>
                    </Fallback>
                    <RetryUntilSuccesful num_attempts="15">
                        <Condition ID="IsMarroTankPlacedInCoffeeMachine"/>
                    </RetryUntilSuccesful>
                    <Timeout msec="120000">
                        <Condition ID="IsCleanProcessFinished"/>
                    </Timeout>
                </Sequence>
            </Fallback>
        </Fallback>
    </BehaviorTree>
    <!-- ////////// -->
    <BehaviorTree ID="BehaviorTree">
        <Sequence>
            <SubTree ID="OpenCoffeeMachine" __shared_blackboard="false"/>
            <SubTree ID="AutoClean" __shared_blackboard="false"/>
            <SubTree ID="PutCoffeeCup" __shared_blackboard="false"/>
            <SubTree ID="CoffeeType" __shared_blackboard="false"/>
        </Sequence>
    </BehaviorTree>
    <!-- ////////// -->
    <BehaviorTree ID="CoffeeType">
        <Sequence>
            <Fallback>
                <Timeout msec="120000">
                    <Condition ID="IsDesiredCoffeeSelected"/>
                </Timeout>
                <Action ID="PressDesiredCoffee"/>
            </Fallback>
            <Timeout msec="120000">
                <Condition ID="IsCoffeeFinished"/>
            </Timeout>
            <Timeout msec="120000">
                <Condition ID="HasCupOfCoffeeBeenRemoved"/>
            </Timeout>
            <Timeout msec="120000">
                <Fallback>
                    <Condition ID="HasHumanAddedCleaningCup"/>
                    <Sequence>
                        <Action ID="PlaceCleanCup"/>
                        <Action ID="SwitchOffCoffeeMachine"/>
                    </Sequence>
                </Fallback>
            </Timeout>
            <Timeout msec="120000">
                <Fallback name="arallel">
                    <Timeout msec="600000">
                        <Condition ID="HasHumanAddedMilk"/>
                    </Timeout>
                    <Fallback>
                        <Inverter>
                            <Condition ID="IsMilkDesired"/>
                        </Inverter>
                        <Action ID="AddMilkToCoffee"/>
                    </Fallback>
                </Fallback>
            </Timeout>
            <Timeout msec="120000">
                <Fallback>
                    <Timeout msec="600000">
                        <Condition ID="HasHumanAddedSugar"/>
                    </Timeout>
                    <Fallback>
                        <Inverter>
                            <Condition ID="IsSugarDesired"/>
                        </Inverter>
                        <Action ID="AddSugarToCoffee"/>
                    </Fallback>
                </Fallback>
            </Timeout>
        </Sequence>
    </BehaviorTree>
    <!-- ////////// -->
    <BehaviorTree ID="OpenCoffeeMachine">
        <Fallback>
            <Condition ID="IsMachineOpen"/>
            <Sequence>
                <RetryUntilSuccesful num_attempts="10">
                    <Condition ID="IsCleanCupReady"/>
                </RetryUntilSuccesful>
                <Fallback>
                    <Timeout msec="60000">
                        <Condition ID="IsMachineOpen"/>
                    </Timeout>
                    <Action ID="SwitchOnCoffeeMachine"/>
                </Fallback>
            </Sequence>
        </Fallback>
    </BehaviorTree>
    <!-- ////////// -->
    <BehaviorTree ID="PutCoffeeCup">
        <Fallback>
            <Timeout msec="120000">
                <Condition ID="IsCoffeeCupReady"/>
            </Timeout>
            <Action ID="PlaceCoffeeCup"/>
        </Fallback>
    </BehaviorTree>
    <!-- ////////// -->
    <TreeNodesModel>
        <Action ID="AddMilkToCoffee"/>
        <Action ID="AddSugarToCoffee"/>
        <SubTree ID="AutoClean">
            <input_port default="false" name="__shared_blackboard">If false (default), the Subtree has an isolated blackboard and needs port remapping</input_port>
        </SubTree>
        <SubTree ID="CoffeeType">
            <input_port default="false" name="__shared_blackboard">If false (default), the Subtree has an isolated blackboard and needs port remapping</input_port>
        </SubTree>
        <Action ID="EmptyMarroTank"/>
        <Action ID="FillWaterTank"/>
        <Condition ID="HasCupOfCoffeeBeenRemoved"/>
        <Condition ID="HasHumanAddedCleaningCup"/>
        <Condition ID="HasHumanAddedMilk"/>
        <Condition ID="HasHumanAddedSugar"/>
        <Condition ID="IsCleanCupReady"/>
        <Condition ID="IsCleanProcessFinished"/>
        <Condition ID="IsCoffeeCupReady"/>
        <Condition ID="IsCoffeeFinished"/>
        <Condition ID="IsDesiredCoffeeSelected"/>
        <Condition ID="IsMachineOpen"/>
        <Condition ID="IsMarroTankEmpty"/>
        <Condition ID="IsMarroTankFull"/>
        <Condition ID="IsMarroTankPlacedInCoffeeMachine"/>
        <Condition ID="IsMarroTankRemoved"/>
        <Condition ID="IsMilkDesired"/>
        <Condition ID="IsSugarDesired"/>
        <Condition ID="IsThereEnoughWater"/>
        <Condition ID="IsWaterTankFull"/>
        <Condition ID="IsWaterTankPlacedInCoffeeMachine"/>
        <Condition ID="IsWaterTankRemoved"/>
        <SubTree ID="OpenCoffeeMachine">
            <input_port default="false" name="__shared_blackboard">If false (default), the Subtree has an isolated blackboard and needs port remapping</input_port>
        </SubTree>
        <Action ID="PlaceCleanCup"/>
        <Action ID="PlaceCoffeeCup"/>
        <Action ID="PressDesiredCoffee"/>
        <SubTree ID="PutCoffeeCup">
            <input_port default="false" name="__shared_blackboard">If false (default), the Subtree has an isolated blackboard and needs port remapping</input_port>
        </SubTree>
        <Action ID="SwitchOffCoffeeMachine"/>
        <Action ID="SwitchOnCoffeeMachine"/>
    </TreeNodesModel>
    <!-- ////////// -->
</root>

