<?xml version="1.0" encoding="utf-8"?>
<root main_tree_to_execute="BehaviorTree">
    <!-- ////////// -->
    <BehaviorTree ID="AutoClean">
        <Fallback>
            <Condition ID="IsCleanProcessFinished"/>
            <Fallback>
                <Condition ID="IsThereEnoughWater"/>
                <Sequence>
                    <Timeout msec="5000">
                        <Condition ID="IsWaterTankRemoved"/>
                    </Timeout>
                    <Fallback>
                        <Timeout msec="5000">
                            <Condition ID="IsWaterTankFull"/>
                        </Timeout>
                        <Action ID="FillWaterTank"/>
                    </Fallback>
                    <RetryUntilSuccesful num_attempts="100">
                        <Condition ID="IsWaterTankPlacedInCoffeMachine"/>
                    </RetryUntilSuccesful>
                </Sequence>
            </Fallback>
            <Fallback>
                <Inverter>
                    <Condition ID="IsMarroTankFull"/>
                </Inverter>
                <Sequence>
                    <Timeout msec="5000">
                        <Condition ID="IsMarroTankRemoved"/>
                    </Timeout>
                    <Fallback>
                        <Timeout msec="5000">
                            <Condition ID="IsMarroTankEmpty"/>
                        </Timeout>
                        <Action ID="EmptyMarroTank"/>
                    </Fallback>
                    <RetryUntilSuccesful num_attempts="100">
                        <Condition ID="IsMarroTankPlacedInCoffeMachine"/>
                    </RetryUntilSuccesful>
                </Sequence>
            </Fallback>
        </Fallback>
    </BehaviorTree>
    <!-- ////////// -->
    <BehaviorTree ID="BehaviorTree">
        <Sequence>
            <SubTree ID="OpenCoffeMachine" __shared_blackboard="false"/>
            <SubTree ID="AutoClean" __shared_blackboard="false"/>
            <SubTree ID="PutCoffeCup" __shared_blackboard="false"/>
            <SubTree ID="CoffeType" __shared_blackboard="false"/>
        </Sequence>
    </BehaviorTree>
    <!-- ////////// -->
    <BehaviorTree ID="CoffeType">
        <Sequence>
            <Fallback>
                <Timeout msec="5000">
                    <Condition ID="IsDesiredCoffeSelected"/>
                </Timeout>
                <Action ID="PressDesiredCoffe"/>
            </Fallback>
            <Timeout msec="5000">
                <Condition ID="IsCoffeFinished"/>
            </Timeout>
            <Timeout msec="5000">
                <Condition ID="HasCupOffCoffeBeenRemoved"/>
            </Timeout>
            <Timeout msec="5000">
                <Fallback>
                    <Condition ID="HasHumanAddedCleaningCup"/>
                    <Sequence>
                        <Action ID="PlaceCleanCup"/>
                        <Action ID="SwitchOffCoffeMachine"/>
                    </Sequence>
                </Fallback>
            </Timeout>
            <Timeout msec="5000">
                <Fallback name="arallel">
                    <Condition ID="HasHumanAddedMilk"/>
                    <Sequence>
                        <Fallback>
                            <Inverter>
                                <Condition ID="IsMilkDesired"/>
                            </Inverter>
                            <Action ID="AddMilktoCoffe"/>
                        </Fallback>
                        <Fallback>
                            <Inverter>
                                <Condition ID="IsSugarDesired"/>
                            </Inverter>
                            <Action ID="AddSugarToCoffe"/>
                        </Fallback>
                    </Sequence>
                </Fallback>
            </Timeout>
        </Sequence>
    </BehaviorTree>
    <!-- ////////// -->
    <BehaviorTree ID="OpenCoffeMachine">
        <Fallback>
            <Condition ID="IsMachineOpen"/>
            <Sequence>
                <RetryUntilSuccesful num_attempts="10">
                    <Condition ID="IsCleanCupReady"/>
                </RetryUntilSuccesful>
                <Fallback>
                    <Timeout msec="5000">
                        <Condition ID="IsMachineOpen"/>
                    </Timeout>
                    <Action ID="SwitchOnCoffeMachine"/>
                </Fallback>
            </Sequence>
        </Fallback>
    </BehaviorTree>
    <!-- ////////// -->
    <BehaviorTree ID="PutCoffeCup">
        <Fallback>
            <Timeout msec="5000">
                <Condition ID="IsCoffeCupReady"/>
            </Timeout>
            <Action ID="PlaceCoffeCup"/>
        </Fallback>
    </BehaviorTree>
    <!-- ////////// -->
    <TreeNodesModel>
        <Action ID="AddMilktoCoffe"/>
        <Action ID="AddSugarToCoffe"/>
        <SubTree ID="AutoClean">
            <input_port default="false" name="__shared_blackboard">If false (default), the Subtree has an isolated blackboard and needs port remapping</input_port>
        </SubTree>
        <SubTree ID="CoffeType">
            <input_port default="false" name="__shared_blackboard">If false (default), the Subtree has an isolated blackboard and needs port remapping</input_port>
        </SubTree>
        <Action ID="EmptyMarroTank"/>
        <Action ID="FillWaterTank"/>
        <Condition ID="HasCupOffCoffeBeenRemoved"/>
        <Condition ID="HasHumanAddedCleaningCup"/>
        <Condition ID="HasHumanAddedMilk"/>
        <Condition ID="IsCleanCupReady"/>
        <Condition ID="IsCleanProcessFinished"/>
        <Condition ID="IsCoffeCupReady"/>
        <Condition ID="IsCoffeFinished"/>
        <Condition ID="IsDesiredCoffeSelected"/>
        <Condition ID="IsMachineOpen"/>
        <Condition ID="IsMarroTankEmpty"/>
        <Condition ID="IsMarroTankFull"/>
        <Condition ID="IsMarroTankPlacedInCoffeMachine"/>
        <Condition ID="IsMarroTankRemoved"/>
        <Condition ID="IsMilkDesired"/>
        <Condition ID="IsSugarDesired"/>
        <Condition ID="IsThereEnoughWater"/>
        <Condition ID="IsWaterTankFull"/>
        <Condition ID="IsWaterTankPlacedInCoffeMachine"/>
        <Condition ID="IsWaterTankRemoved"/>
        <SubTree ID="OpenCoffeMachine">
            <input_port default="false" name="__shared_blackboard">If false (default), the Subtree has an isolated blackboard and needs port remapping</input_port>
        </SubTree>
        <Action ID="PlaceCleanCup"/>
        <Action ID="PlaceCoffeCup"/>
        <Action ID="PressDesiredCoffe"/>
        <SubTree ID="PutCoffeCup">
            <input_port default="false" name="__shared_blackboard">If false (default), the Subtree has an isolated blackboard and needs port remapping</input_port>
        </SubTree>
        <Action ID="SwitchOffCoffeMachine"/>
        <Action ID="SwitchOnCoffeMachine"/>
    </TreeNodesModel>
    <!-- ////////// -->
</root>

