<?xml version="1.0"?>
<root main_tree_to_execute="BehaviorTree">
	<!-- ////////// -->
	<BehaviorTree ID="BehaviorTree">
		<Repeat num_cycles="9999999">
			<Fallback>
				<Sequence>
					<SetBlackboard output_key="server_timeout" value="10000" />
					<IsFirstRun name="isFirstRun" current_id="{current_id}" found="{found}" moved_flag="{moved_flag}" got_initial_goal_output="{got_initial_goal_output}" got_initial_goal_input="{got_initial_goal_output}" />
					<FindHuman name="findHuman1" server_timeout="10000" current_id="{current_id}" target_id="{current_id}" got_initial_goal_output="{got_initial_goal_output}" found="{found}" goal="{goal}" />
				</Sequence>
				<Sequence>
					<IsHumanFound name="isHumanFound1" found="{found}" />
					<PipelineSequence>
						<RateController hz="1.0">
							<Fallback>
								<FindHuman name="findHuman2" server_timeout="10000" current_id="{current_id}" target_id="{current_id}" got_initial_goal_output="{got_initial_goal_output}" found="{found}" goal="{goal}" />
								<Delay delay_msec="200">
									<FindHuman name="findHuman3" server_timeout="10000" current_id="{current_id}" target_id="{current_id}" got_initial_goal_output="{got_initial_goal_output}" found="{found}" goal="{goal}" />
								</Delay>
							</Fallback>
						</RateController>
						<RecoveryNode number_of_retries="6" name="NavigateRecovery">
							<PipelineSequence name="NavigateWithReplanning">
								<RateController hz="1.0">
									<RecoveryNode number_of_retries="1" name="ComputePathToPose">
										<Sequence>
											<GoalUpdater input_goal="{goal}" output_goal="{updated_goal}">
												<ComputePathToPose goal="{updated_goal}" path="{path}" planner_id="GridBased" />
											</GoalUpdater>
											<TruncatePath distance="1.6" input_path="{path}" output_path="{truncated_path}" />
										</Sequence>
										<ClearEntireCostmap name="ClearGlobalCostmap-Context" service_name="global_costmap/clear_entirely_global_costmap" />
									</RecoveryNode>
								</RateController>
								<RecoveryNode number_of_retries="1" name="FollowPath">
									<FollowPath path="{truncated_path}" controller_id="FollowPath" />
									<ClearEntireCostmap name="ClearLocalCostmap-Context" service_name="local_costmap/clear_entirely_local_costmap" />
								</RecoveryNode>
							</PipelineSequence>
							<ReactiveFallback name="RecoveryFallback">
								<GoalUpdated />
								<SequenceStar name="RecoveryActions">
									<ClearEntireCostmap name="ClearLocalCostmap-Subtree" service_name="local_costmap/clear_entirely_local_costmap" />
									<ClearEntireCostmap name="ClearGlobalCostmap-Subtree" service_name="global_costmap/clear_entirely_global_costmap" />
									<Spin spin_dist="3.14" />
									<Wait wait_duration="5" />
								</SequenceStar>
							</ReactiveFallback>
						</RecoveryNode>
					</PipelineSequence>
				</Sequence>
				<Sequence>
					<Fallback>
						<HasMoved name="hasMovedToLastPosition" moved_flag="{moved_flag}" />
						<Sequence>
							<RecoveryNode number_of_retries="6" name="NavigateRecovery">
								<PipelineSequence name="NavigateWithReplanning">
									<RateController hz="1.0">
										<RecoveryNode number_of_retries="1" name="ComputePathToPose">
											<GoalUpdater input_goal="{goal}" output_goal="{updated_goal}">
												<ComputePathToPose goal="{updated_goal}" path="{path}" planner_id="GridBased" />
											</GoalUpdater>
											<ClearEntireCostmap name="ClearGlobalCostmap-Context" service_name="global_costmap/clear_entirely_global_costmap" />
										</RecoveryNode>
									</RateController>
									<RecoveryNode number_of_retries="1" name="FollowPath">
										<FollowPath path="{path}" controller_id="FollowPath" />
										<ClearEntireCostmap name="ClearLocalCostmap-Context" service_name="local_costmap/clear_entirely_local_costmap" />
									</RecoveryNode>
								</PipelineSequence>
								<ReactiveFallback name="RecoveryFallback">
									<GoalUpdated />
									<SequenceStar name="RecoveryActions">
										<ClearEntireCostmap name="ClearLocalCostmap-Subtree" service_name="local_costmap/clear_entirely_local_costmap" />
										<ClearEntireCostmap name="ClearGlobalCostmap-Subtree" service_name="global_costmap/clear_entirely_global_costmap" />
										<Spin spin_dist="3.14" />
										<Wait wait_duration="5" />
									</SequenceStar>
								</ReactiveFallback>
							</RecoveryNode>
							<SetBlackboard output_key="moved_flag" value="true" />
							<ResetKalman name="resetKalman" server_timeout="10000" />
						</Sequence>
					</Fallback>
					<Fallback>
						<RetryUntilSuccesful num_attempts="20">
							<Sequence>
								<Delay delay_msec="300">
									<Spin spin_dist="0.5" />
								</Delay>
								<FindHuman name="findHuman4" server_timeout="10000" current_id="{current_id}" target_id="{current_id}" got_initial_goal_output="{got_initial_goal_output}" found="{found}" goal="{goal}" />
								<SetBlackboard output_key="moved_flag" value="false" />
							</Sequence>
						</RetryUntilSuccesful>
						<Sequence>
							<SetBlackboard output_key="got_initial_goal_output" value="false" />
							<SetBlackboard output_key="current_id" value="-1" />
						</Sequence>
					</Fallback>
				</Sequence>
			</Fallback>
		</Repeat>
	</BehaviorTree>
	<!-- ////////// -->
</root>
