
<!--
  This Behavior Tree replans the global path periodically at 1 Hz and it also has
  recovery actions such as moving forward and spinning.
-->
<root main_tree_to_execute="MainTree">
  <BehaviorTree ID="MainTree">
    <ReactiveFallback name="BatteryFallback">
      <Sequence name="LowBatteryBehavior">
        <IsBatteryLow min_battery="70" battery_topic="/battery_status" is_voltage="true"/>
        <PipelineSequence name="GoBase">
            <RateController hz="1.0">
              <ComputePathToPose goal="0;0;0" path="{path}" planner_id="GridBased"/>
            </RateController>
            <FollowPath path="{path}" controller_id="FollowPath"/>
          </PipelineSequence>
      </Sequence>
      <RecoveryNode number_of_retries="6" name="NavigateRecovery">
        <PipelineSequence name="NavigateWithReplanning">
          <RateController hz="1.0">
            <RecoveryNode number_of_retries="1" name="ComputePathToPose">
              <ComputePathToPose goal="{goal}" path="{path}" planner_id="GridBased"/>
              <ClearEntireCostmap name="ClearGlobalCostmap-Context" service_name="global_costmap/clear_entirely_global_costmap"/>
            </RecoveryNode>
          </RateController>
          <RecoveryNode number_of_retries="1" name="FollowPath">
            <FollowPath path="{path}" controller_id="FollowPath"/>
            <ClearEntireCostmap name="ClearLocalCostmap-Context" service_name="local_costmap/clear_entirely_local_costmap"/>
          </RecoveryNode>
        </PipelineSequence>
        <ReactiveFallback name="RecoveryFallback">
          <GoalUpdated/>
          <SequenceStar name="RecoveryActions">
            <ClearEntireCostmap name="ClearLocalCostmap-Subtree" service_name="local_costmap/clear_entirely_local_costmap"/>
            <ClearEntireCostmap name="ClearGlobalCostmap-Subtree" service_name="global_costmap/clear_entirely_global_costmap"/>
            <Spin spin_dist="1.57"/>
            <Wait wait_duration="5"/>
          </SequenceStar>
        </ReactiveFallback>
      </RecoveryNode>
    </ReactiveFallback>
    
  </BehaviorTree>
</root>
