<root main_tree_to_execute="MainTree">
  <BehaviorTree ID="MainTree">
    <PipelineSequence name="ApproachObject">
      <RateController hz="1.0">
        <Sequence>
          <ComputePathToPose goal="{goal}" path="{path}" planner_id="GridBased"/>
          <TruncatePath distance="0.45" input_path="{path}" output_path="{truncated_path}"/>
        </Sequence>
      </RateController>
      <FollowPath path="{truncated_path}" controller_id="FollowPath"/>
    </PipelineSequence>
  </BehaviorTree>
</root>
