<root main_tree_to_execute="BehaviorTree">

    <BehaviorTree ID="BehaviorTree">
        <Repeat num_cycles="-1">
            <Sequence>
                <!-- <MoveBase goal="1.4;0;0"/> -->
                <MoveBase goal="2.3;-0.1;0"/>
                <Sequence>
                    <TorsoControl relative_height="0.95" />
                    <HeadControl pitch="0.0" yaw="140.0" />
                    <ScanTableStartScanning />
                    <Pause time_limit_sec="2"/>
                    <ScanTableGetResults detected_tomato_cans="{detected_tomato_cans}" />
                    <TraySetLoci tray_name="table" locus_poses="{detected_tomato_cans}" occupied="true" />
                    <TrayUpdatePlanningScene />
                    <Pause time_limit_sec="3"/>
                </Sequence>
            </Sequence>
        </Repeat>
    </BehaviorTree>

</root>
