<root main_tree_to_execute="BehaviorTree">

    <BehaviorTree ID="BehaviorTree">
        <Repeat num_cycles="-1">
            <Sequence>
                <TrayUpdatePlanningScene />
                <MoveBase goal="2.1;-2.0;0.0" />
                <MoveBase goal="2.1;-0.0;1.57" />
                <Sequence>
                    <TorsoControl relative_height="0.1" />
                    <HeadControl pitch="0.0" yaw="90.0" />
                    <ScanShelves tomato_can_stocking_target_poses="{tomato_can_stocking_target_poses}" />
                    <TraySetLoci tray_name="shelf" locus_poses="{tomato_can_stocking_target_poses}" occupied="false" />
                    <TrayUpdatePlanningScene />
                </Sequence>
                <Pause time_limit_sec="5" />
            </Sequence>
        </Repeat>
    </BehaviorTree>

</root>