<?xml version="1.0"?>
<root main_tree_to_execute="BehaviorTree">
    <!-- ////////// -->
    <BehaviorTree ID="BehaviorTree">
        <WhileDoElse>
            <AlwaysSuccess name="WhileConditionIsTrue"/>
            <Sequence>
                <Action ID="ClearEntireCostmap" name="AskForNewTaskAtKiosk" service_name="/kiosk"/>
                <Switch6 case_1="Manual " case_2="Normal-Cam" case_3="FLIR-Cam" case_4="Reverse-Mode " case_5="Movement-Detect" case_6="QR Code" variable="{task-id}">
                    <Sequence name="ManualDrive">
                        <AlwaysSuccess/>
                    </Sequence>
                    <Sequence name="Normal-Cam">
                        <Action ID="OpenMVInterface" cam_mode="Setup" cam_port="/dev/ttyACM0"/>
                        <Action ID="PrintToLEDNametag" msg="N-Cam Setup" serial_port="/dev/ttyACM0"/>
                    </Sequence>
                    <Sequence name="FLIR-Cam">
                        <Action ID="OpenMVInterface" cam_mode="Setup" cam_port="/dev/ttyACM1"/>
                        <Action ID="PrintToLEDNametag" msg="Hello world!" serial_port="/dev/ttyACM0"/>
                    </Sequence>
                    <Sequence name="Reverse-Mode">
                        <Action ID="OpenMVInterface" cam_mode="Setup" cam_port="/dev/ttyACM3"/>
                        <Action ID="PrintToLEDNametag" msg="Reverse!" serial_port="/dev/ttyACM0"/>
                    </Sequence>
                    <Sequence name="Movement-Detect">
                        <Action ID="OpenMVInterface" cam_mode="Mov_Detect" cam_port="/dev/ttyACM0"/>
                        <Action ID="PrintToLEDNametag" msg="Move-Detect" serial_port="/dev/ttyACM0"/>
                    </Sequence>
                    <Sequence name="QR-Code">
                        <AlwaysSuccess/>
                        <Action ID="PrintToLEDNametag" msg="QR Codes" serial_port="/dev/ttyACM0"/>
                    </Sequence>
                    <Delay delay_msec="1000" name="DefaultSwitchCase">
                        <AlwaysFailure name="JustFailForNextLoop"/>
                    </Delay>
                </Switch6>
            </Sequence>
        </WhileDoElse>
    </BehaviorTree>
    <!-- ////////// -->
    <TreeNodesModel>
        <Action ID="BackUp">
            <input_port name="backup_dist">Distance to backup</input_port>
            <input_port name="backup_speed">Speed at which to backup</input_port>
        </Action>
        <Action ID="ClearEntireCostmap">
            <input_port name="service_name">Service name</input_port>
        </Action>
        <Action ID="ComputePathThroughPoses">
            <input_port name="goals">Destinations to plan through</input_port>
            <output_port name="path">Path created by ComputePathToPose node</output_port>
            <input_port name="planner_id"/>
            <input_port name="start">Start pose of the path if overriding current robot pose</input_port>
        </Action>
        <Action ID="ComputePathToPose">
            <input_port name="goal">Destination to plan to</input_port>
            <output_port name="path">Path created by ComputePathToPose node</output_port>
            <input_port name="planner_id"/>
            <input_port name="start">Start pose of the path if overriding current robot pose</input_port>
        </Action>
        <Action ID="ControllerSelector">
            <input_port name="default_controller">Default controller of the controller selector</input_port>
            <output_port name="selected_controller">Name of the selected controller received from the topic subcription</output_port>
            <input_port name="topic_name">Name of the topic to receive controller selection commands</input_port>
        </Action>
        <Decorator ID="DistanceController">
            <input_port name="distance">Distance</input_port>
        </Decorator>
        <Condition ID="DistanceTraveled">
            <input_port name="distance">Distance to check if passed</input_port>
            <input_port name="global_frame">reference frame to check in</input_port>
            <input_port name="robot_base_frame">Robot frame to check relative to global_frame</input_port>
        </Condition>
        <Action ID="FollowPath">
            <input_port default="FollowPath" name="controller_id"/>
            <input_port default="GoalChecker" name="goal_checker_id">Goal checker</input_port>
            <input_port name="path">Path to follow</input_port>
        </Action>
        <Action ID="GoalCheckerSelector">
            <input_port name="default_goal_checker">Default goal checker of the controller selector</input_port>
            <output_port name="selected_goal_checker">Name of the selected goal checker received from the topic subcription</output_port>
            <input_port name="topic_name">Name of the topic to receive goal checker selection commands</input_port>
        </Action>
        <Condition ID="GoalReached">
            <input_port name="goal">Destination</input_port>
        </Condition>
        <Condition ID="GoalUpdated"/>
        <Decorator ID="GoalUpdater">
            <input_port name="input_goal">Original goal in</input_port>
            <output_port name="output_goal">Output goal set by subscription</output_port>
        </Decorator>
        <Condition ID="InitialPoseReceived"/>
        <Condition ID="IsBatteryLow">
            <input_port name="battery_topic">Topic for battery info</input_port>
            <input_port name="is_voltage">Bool if check based on voltage or total %</input_port>
            <input_port name="min_battery">Min battery % or voltage before triggering</input_port>
        </Condition>
        <Condition ID="IsStuck"/>
        <Action ID="NavigateThroughPoses">
            <input_port name="goals">Goals</input_port>
        </Action>
        <Action ID="NavigateToPose">
            <input_port name="goal">Goal</input_port>
        </Action>
        <Action ID="OpenMVInterface">
            <input_port default="Setup" name="cam_mode">Function to call from interface</input_port>
            <input_port default="/dev/ttyACM0" name="cam_port">Serial port for camera</input_port>
        </Action>
        <Control ID="PipelineSequence"/>
        <Action ID="PlannerSelector">
            <input_port name="default_planner">Default planner of the planner selector</input_port>
            <output_port name="selected_planner">Name of the selected planner received from the topic subcription</output_port>
            <input_port name="topic_name">Name of the topic to receive planner selection commands</input_port>
        </Action>
        <Action ID="PrintToLEDNametag">
            <input_port default="Hello world!" name="msg">Type your message.</input_port>
            <input_port default="/dev/ttyACM0" name="serial_port">Serial Port for the USB device.</input_port>
        </Action>
        <Decorator ID="RateController">
            <input_port name="hz">Rate</input_port>
        </Decorator>
        <Control ID="RecoveryNode">
            <input_port name="number_of_retries">Number of retries</input_port>
        </Control>
        <Action ID="ReinitializeGlobalLocalization"/>
        <Action ID="RemovePassedGoals">
            <input_port name="input_goals">Input goals to remove if passed</input_port>
            <output_port name="output_goals">Set of goals after removing any passed</output_port>
            <input_port name="radius">Radius tolerance on a goal to consider it passed</input_port>
        </Action>
        <Control ID="RoundRobin"/>
        <Decorator ID="SingleTrigger"/>
        <Decorator ID="SpeedController">
            <input_port name="filter_duration">Duration (secs) for velocity smoothing filter</input_port>
            <input_port name="max_rate">Maximum rate</input_port>
            <input_port name="max_speed">Maximum speed</input_port>
            <input_port name="min_rate">Minimum rate</input_port>
            <input_port name="min_speed">Minimum speed</input_port>
        </Decorator>
        <Action ID="Spin">
            <input_port name="spin_dist">Spin distance</input_port>
        </Action>
        <Condition ID="TimeExpired">
            <input_port name="seconds">Time to check if expired</input_port>
        </Condition>
        <Condition ID="TransformAvailable">
            <input_port name="child">Child frame for transform</input_port>
            <input_port name="parent">Parent frame for transform</input_port>
        </Condition>
        <Action ID="TruncatePath">
            <input_port name="distance">Distance before goal to truncate</input_port>
            <input_port name="input_path">Path to truncate</input_port>
            <output_port name="output_path">Truncated path to utilize</output_port>
        </Action>
        <Action ID="Wait">
            <input_port name="wait_duration">Wait time</input_port>
        </Action>
    </TreeNodesModel>
    <!-- ////////// -->
</root>

