<?xml version="1.0"?>
<root main_tree_to_execute="BehaviorTree">
    <!-- ////////// -->
    <BehaviorTree ID="BehaviorTree">
        <KeepRunningUntilFailure>
            <Sequence>
                <Action ID="Explored"/>
                <Action ID="SelectPF" waypoint="{wp}"/>
                <Action ID="Move" goal="{wp}"/>
                <Action ID="Explored"/>
            </Sequence>
        </KeepRunningUntilFailure>
    </BehaviorTree>
    <!-- ////////// -->
    <TreeNodesModel>
        <Action ID="Explored"/>
        <Action ID="SelectPF">
            <output_port name="waypoint"/>
        </Action>
        <Action ID="Move">
            <input_port name="goal"/>
        </Action>
    </TreeNodesModel>
    <!-- ////////// -->
</root>
