<!--
  This Behavior Tree follows a dynamic pose to a certain distance
-->

<root main_tree_to_execute="MainTree">
  <BehaviorTree ID="MainTree">
    <PipelineSequence name="NavigateWithReplanning">
      <RateController hz="2.0">
        <Sequence>
          <GoalUpdater input_goal="{goal}" output_goal="{updated_goal}">
            <ComputePathToPose goal="{updated_goal}" path="{path}" planner_id="GridBased"/>
          </GoalUpdater>
        </Sequence>
      </RateController>
      <ReactiveFallback name="test">
        <GoalUpdated/>
        <FollowPath path="{path}" controller_id="FollowPath"/>
      </ReactiveFallback>
    </PipelineSequence>
  </BehaviorTree>
</root>
