<root main_tree_to_execute = "MainTree" >
    <BehaviorTree ID="MainTree">
        <Sequence name="root_sequence">
            <Repeat num_cycles="100">
                <Fallback>
                    <Sequence name="patrolling">
                        <NavigateToWp   name="navigate_to_wp" goal="wp_1"/>
                        <NavigateToWp   name="navigate_to_wp" goal="wp_2"/>
                        <NavigateToWp   name="navigate_to_wp" goal="wp_3"/>
                        <NavigateToWp   name="navigate_to_wp" goal="wp_4"/>
                        <NavigateToWp   name="navigate_to_wp" goal="wp_5"/>
                        <NavigateToWp   name="navigate_to_wp" goal="wp_6"/>
                        <NavigateToWp   name="navigate_to_wp" goal="wp_7"/>
                    </Sequence>
                    <Sequence name="recharging">
                        <NavigateToWp   name="navigate_to_wp" goal="recharge_station"/>
                        <Recharge/>
                    </Sequence>
                </Fallback>
            </Repeat>
        </Sequence>
     </BehaviorTree>
</root>