<root main_tree_to_execute="MainTree">
    <!--  ===================================  -->
    <BehaviorTree ID="MainTree">
        <FallbackStar>
            <SequenceStar>
                <Action ID="GetTarget"/>
                <Action ID="Move"/>
                <Sequence>
                    <Condition ID="TargetAdjacent"/>
                    <Action ID="AttackTarget"/>
                </Sequence>
            </SequenceStar>
            <SequenceStar name="Hunt">
                <Condition ID="IsNight"/>
                <Condition ID="IsHungry"/>
                <Action ID="FindPrey"/>
                <Action ID="Move"/>
                <Action ID="KillPrey"/>
                <Action ID="EatPrey"/>
            </SequenceStar>
            <SequenceStar name="Retreat">
                <Condition ID="IsDay"/>
                <Action ID="FindRetreat"/>
                <Action ID="Move"/>
                <Sequence>
                    <Condition ID="IsDay"/>
                    <Action ID="Sleep"/>
                </Sequence>
            </SequenceStar>
            <Action ID="RandomMove"/>
        </FallbackStar>
    </BehaviorTree>
    <!--  ===================================  -->
    <TreeNodesModel>
        <Action ID="AttackTarget"/>
        <Condition ID="CanHaveSex"/>
        <Action ID="EatPrey"/>
        <Action ID="FindPrey"/>
        <Action ID="FindRetreat"/>
        <Action ID="GetTarget"/>
        <Action ID="GiveBirth"/>
        <Condition ID="IsAdult"/>
        <Condition ID="IsCarnivore"/>
        <Condition ID="IsDay"/>
        <Condition ID="IsEgg"/>
        <Condition ID="IsEggLayer"/>
        <Condition ID="IsFemale"/>
        <Condition ID="IsHerbivore"/>
        <Condition ID="IsHungry"/>
        <Condition ID="IsMale"/>
        <Condition ID="IsNight"/>
        <Condition ID="IsPregnant"/>
        <Condition ID="IsProducer"/>
        <Condition ID="IsReadyToGiveBirth"/>
        <Condition ID="IsWoodVermin"/>
        <Condition ID="IsYoung"/>
        <Action ID="KillPrey"/>
        <Action ID="LayEgg"/>
        <Action ID="Move"/>
        <Action ID="Produce"/>
        <Action ID="RandomMove"/>
        <Action ID="Sleep"/>
        <Condition ID="TargetAdjacent"/>
        <Action ID="TryHaveSex"/>
    </TreeNodesModel>
    <!--  ===================================  -->
</root>

