<root main_tree_to_execute = "MainTree">
    <BehaviorTree ID="MainTree">
        <Sequence>
            <SetBlackboard output_key="Goal_a" value="0.00;0.00;0.0;1.0" />
            <SetBlackboard output_key="Goal_b" value="1.00;1.533;0.0;1.0" />
            <SetBlackboard output_key="Goal_c" value="1.588;2;0.0;1.0" />
            <SetBlackboard output_key="Goal_d" value="1.4;0.000;0.0;1.0" />
            <Fallback>
                <ReactiveSequence>
                    <InterruptEvent event="goC"/>
                    <InterruptEvent event="goD"/>
                    <Repeat num_cycles="10">
                        <Sequence>
                            <SubTree ID="MoveRobot" target="Goal_a" />            
                            <SubTree ID="MoveRobot" target="Goal_b" />
                        </Sequence>
                    </Repeat>
                </ReactiveSequence>
                
                <ReactiveSequence> 
                    <InterruptEvent event="goD"/>         
                    <SubTree ID="MoveRobot" target="Goal_c" />
                </ReactiveSequence>
                       
                <SubTree ID="MoveRobot" target="Goal_d" />
            </Fallback>
        </Sequence>
    </BehaviorTree>

    <BehaviorTree ID="MoveRobot">
        <Sequence name="SetGoal">
            <Nav2Client goal="{target}" />
        </Sequence>
    </BehaviorTree>
</root>
