<?xml version="1.0"?>
<root main_tree_to_execute="BehaviorTree">
    <!-- ////////// -->
    <BehaviorTree ID="BehaviorTree">
        <Fallback name="Core_seq">
            <Sequence name="">
                <Condition ID="checkMissionWait"/>
                <Action ID="stop"/>
            </Sequence>
            <Sequence name="">
                <Sequence name="gen_path">
                    <Condition ID="checkExistPathGlobal"/>
                    <Action ID="init"/>
                    <Fallback name="StateSelect">
                        <Sequence name="LaneKeeping">
                            <Condition ID="checkStateLaneKeeping"/>
                            <Action ID="genPathLaneKeeping"/>
                            <Action ID="setPath"/>
                            <Fallback name="">
                                <Sequence name="">
                                    <Condition ID="checkFrontObject"/>
                                    <Fallback name="">
                                        <Fallback name="lane_keeping">
                                            <Sequence name="">
                                                <Condition ID="checkNearCorner"/>
                                                <Action ID="acc"/>
                                            </Sequence>
                                            <Sequence name="">
                                                <Condition ID="checkNearStopline"/>
                                                <Action ID="acc"/>
                                            </Sequence>
                                            <Sequence name="">
                                                <Condition ID="checkProfitKeeplane"/>
                                                <Action ID="acc"/>
                                            </Sequence>
                                        </Fallback>
                                        <Fallback name="lane_change">
                                            <Sequence name="lane_change_left">
                                                <Action ID="genPathLaneChangeLeft"/>
                                                <Condition ID="checkLaneChangeableLeft"/>
                                                <Fallback name="">
                                                    <Sequence name="">
                                                        <Condition ID="checkCollision"/>
                                                        <Action ID="setStateLaneKeeping"/>
                                                        <Action ID="keepLane"/>
                                                    </Sequence>
                                                    <Sequence name="">
                                                        <Action ID="setStateLaneChangeLeft"/>
                                                        <Action ID="laneChangeLeft"/>
                                                    </Sequence>
                                                </Fallback>
                                            </Sequence>
                                            <Sequence name="lane_change_right">
                                                <Action ID="genPathLaneChangeRight"/>
                                                <Condition ID="checkLaneChangeableRight"/>
                                                <Fallback name="">
                                                    <Sequence name="">
                                                        <Condition ID="checkCollision"/>
                                                        <Action ID="setStateLaneKeeping"/>
                                                        <Action ID="keepLane"/>
                                                    </Sequence>
                                                    <Sequence name="">
                                                        <Action ID="setStateLaneChangeRight"/>
                                                        <Action ID="laneChangeRight"/>
                                                    </Sequence>
                                                </Fallback>
                                            </Sequence>
                                        </Fallback>
                                    </Fallback>
                                    <Fallback name="">
                                        <Sequence name="astar">
                                            <Condition ID="checkAbleAstar"/>
                                            <Sequence name="Gen_Local">
                                                <Action ID="stop"/>
                                                <Action ID="setStateAstar"/>
                                                <Action ID="genPathAstar"/>
                                            </Sequence>
                                        </Sequence>
                                        <AlwaysSuccess/>
                                    </Fallback>
                                </Sequence>
                                <Sequence name="">
                                    <Condition ID="checkGlobalLaneChange"/>
                                    <Fallback name="">
                                        <Sequence name="">
                                            <Condition ID="checkLeftChange"/>
                                            <Fallback name="">
                                                <Action ID="genPathLaneChangeLeft"/>
                                                <Condition ID="checkGenPathLaneChange"/>
                                            </Fallback>
                                            <Fallback name="">
                                                <Sequence name="">
                                                    <Condition ID="checkCollision"/>
                                                    <Action ID="setStateLaneKeeping"/>
                                                    <Action ID="keepLane"/>
                                                </Sequence>
                                                <Sequence name="">
                                                    <Action ID="setStateLaneChangeLeft"/>
                                                    <Action ID="laneChangeLeft"/>
                                                </Sequence>
                                            </Fallback>
                                        </Sequence>
                                        <Sequence name="">
                                            <Fallback name="">
                                                <Action ID="genPathLaneChangeRight"/>
                                                <Condition ID="checkGenPathLaneChange"/>
                                            </Fallback>
                                            <Fallback name="">
                                                <Sequence name="">
                                                    <Condition ID="checkCollision"/>
                                                    <Action ID="setStateLaneKeeping"/>
                                                    <Action ID="keepLane"/>
                                                </Sequence>
                                                <Sequence name="">
                                                    <Action ID="setStateLaneChangeRight"/>
                                                    <Action ID="laneChangeRight"/>
                                                </Sequence>
                                            </Fallback>
                                        </Sequence>
                                    </Fallback>
                                </Sequence>
                                <Action ID="setStateLaneKeeping"/>
                            </Fallback>
                        </Sequence>
                        <Sequence name="LaneChangeLeft">
                            <Condition ID="checkStateLaneChangeLeft"/>
                            <Action ID="setPath"/>
                            <Fallback name="">
                                <Sequence name="">
                                    <Condition ID="checkCollision"/>
                                    <Action ID="setStateLaneKeeping"/>
                                </Sequence>
                                <Sequence name="">
                                    <Condition ID="checkEndLaneChange"/>
                                    <Action ID="setStateLaneKeeping"/>
                                </Sequence>
                                <Action ID="setStateLaneChangeLeft"/>
                            </Fallback>
                        </Sequence>
                        <Sequence name="LaneChangeRigth">
                            <Condition ID="checkStateLaneChangeRight"/>
                            <Action ID="setPath"/>
                            <Fallback name="">
                                <Sequence name="">
                                    <Condition ID="checkCollision"/>
                                    <Action ID="setStateLaneKeeping"/>
                                </Sequence>
                                <Sequence name="">
                                    <Condition ID="checkEndLaneChange"/>
                                    <Action ID="setStateLaneKeeping"/>
                                </Sequence>
                                <Action ID="setStateLaneChangeRight"/>
                            </Fallback>
                        </Sequence>
                        <Sequence name="Astar">
                            <Condition ID="checkStateAstar"/>
                            <Action ID="setPath"/>
                            <Fallback name="local_check">
                                <Sequence name="">
                                    <Condition ID="checkCollision"/>
                                    <Action ID="stop"/>
                                    <Action ID="genPathAstar"/>
                                </Sequence>
                                <Sequence name="">
                                    <Condition ID="checkFinishAstar"/>
                                    <Action ID="setFinishLocal"/>
                                    <Action ID="setStateLaneKeeping"/>
                                </Sequence>
                                <Action ID="localPathfollow"/>
                            </Fallback>
                        </Sequence>
                        <Sequence name="Recovery">
                            <AlwaysFailure/>
                        </Sequence>
                    </Fallback>
                </Sequence>
                <Sequence name="traffic_check">
                    <Fallback name="">
                        <Fallback name="">
                            <Sequence name="">
                                <Condition ID="checkPassAbleTrafficLight"/>
                                <Fallback name="">
                                    <Sequence name="">
                                        <Condition ID="checkCollision"/>
                                        <Action ID="stop"/>
                                    </Sequence>
                                    <Action ID="drive"/>
                                </Fallback>
                            </Sequence>
                            <Action ID="stopTrafficLight"/>
                        </Fallback>
                        <Action ID="drive"/>
                    </Fallback>
                    <Action ID="setPath"/>
                </Sequence>
                <Action ID="publishData"/>
            </Sequence>
        </Fallback>
    </BehaviorTree>
    <!-- ////////// -->
    <TreeNodesModel>
        <Action ID="acc"/>
        <Condition ID="checkAbleAstar"/>
        <Condition ID="checkCollision"/>
        <Condition ID="checkEmptyLocal"/>
        <Condition ID="checkEndLaneChange"/>
        <Condition ID="checkExistPathGlobal"/>
        <Condition ID="checkFinishAstar"/>
        <Condition ID="checkFinishLocal"/>
        <Condition ID="checkFrontObject"/>
        <Condition ID="checkGenPathLaneChange"/>
        <Condition ID="checkGlobalLaneChange"/>
        <Condition ID="checkInitPose"/>
        <Condition ID="checkIsGlobalFollow"/>
        <Condition ID="checkLaneChange"/>
        <Condition ID="checkLaneChangeableLeft"/>
        <Condition ID="checkLaneChangeableRight"/>
        <Condition ID="checkLeftChange"/>
        <Condition ID="checkMissionWait"/>
        <Condition ID="checkNearCorner"/>
        <Condition ID="checkNearStopline"/>
        <Condition ID="checkPassAbleTrafficLight"/>
        <Condition ID="checkProfitKeeplane"/>
        <Condition ID="checkStateAstar"/>
        <Condition ID="checkStateLaneChangeLeft"/>
        <Condition ID="checkStateLaneChangeRight"/>
        <Condition ID="checkStateLaneKeeping"/>
        <Condition ID="checkTrafficLight"/>
        <Action ID="drive"/>
        <Action ID="genGlobalFollowPath"/>
        <Action ID="genLocalPath"/>
        <Action ID="genPathAstar"/>
        <Action ID="genPathLaneChangeLeft"/>
        <Action ID="genPathLaneChangeRight"/>
        <Action ID="genPathLaneKeeping"/>
        <Action ID="init"/>
        <Action ID="keepLane"/>
        <Action ID="laneChangeLeft"/>
        <Action ID="laneChangeRight"/>
        <Action ID="localPathFollow"/>
        <Action ID="localPathfollow"/>
        <Action ID="publishData"/>
        <Action ID="setFinishLocal"/>
        <Action ID="setPath"/>
        <Action ID="setStartLocal"/>
        <Action ID="setStateAstar"/>
        <Action ID="setStateLaneChangeLeft"/>
        <Action ID="setStateLaneChangeRight"/>
        <Action ID="setStateLaneKeeping"/>
        <Action ID="stop"/>
        <Action ID="stopTrafficLight"/>
        <SubTree ID="treeGenGlobalFollowPath"/>
    </TreeNodesModel>
    <!-- ////////// -->
</root>

