<?xml version="1.0"?>
<root main_tree_to_execute="BehaviorTree">
    <!-- ////////// -->
    <BehaviorTree ID="BehaviorTree">
        <Fallback name="Core_seq">
            <Sequence name="">
                <Condition ID="checkMissionWait"/>
                <Action ID="stop"/>
            </Sequence>
            <Sequence>
                <Sequence name="init">
                    <Condition ID="checkExistPathGlobal"/>
                    <Fallback name="">
                        <Sequence name="">
                            <Condition ID="checkStateLaneKeeping"/>
                            <Condition ID="checkFailLaneChange"/>
                            <Action ID="callPathGlobal"/>
                        </Sequence>
                        <AlwaysSuccess/>
                    </Fallback>
                    <Action ID="init"/>
                    <Sequence name="gen path">
                        <Fallback name="StateSelect">
                            <Sequence name="LaneKeeping">
                                <Condition ID="checkStateLaneKeeping"/>
                                <Action ID="genPathLaneKeeping"/>
                                <Sequence name="LaneKeeping">
                                    <Fallback name="">
                                        <Sequence name="">
                                            <Condition ID="checkGlobalLaneChange"/>
                                            <Fallback name="">
                                                <Sequence name="">
                                                    <Condition ID="checkLeftChange"/>
                                                    <Fallback name="">
                                                        <Sequence name="">
                                                            <Condition ID="checkLaneChangeableLeft"/>
                                                            <Action ID="genPathLaneChangeLeft"/>
                                                            <Fallback name="">
                                                                <Sequence name="">
                                                                    <Fallback name="">
                                                                        <Condition ID="checkObjectStaticLeftLane"/>
                                                                        <Condition ID="checkCollisionBehindLeft"/>
                                                                    </Fallback>
                                                                    <Action ID="setStateLaneKeeping"/>
                                                                </Sequence>
                                                                <Action ID="setStateLaneChangeLeft"/>
                                                            </Fallback>
                                                        </Sequence>
                                                        <Action ID="setStateLaneKeeping"/>
                                                    </Fallback>
                                                </Sequence>
                                                <Sequence name="">
                                                    <Condition ID="checkLaneChangeableRight"/>
                                                    <Action ID="genPathLaneChangeRight"/>
                                                    <Fallback name="">
                                                        <Sequence name="">
                                                            <Fallback name="">
                                                                <Condition ID="checkObjectStaticRightLane"/>
                                                                <Condition ID="checkCollisionBehindRight"/>
                                                            </Fallback>
                                                            <Action ID="setStateLaneKeeping"/>
                                                        </Sequence>
                                                        <Action ID="setStateLaneChangeRight"/>
                                                    </Fallback>
                                                </Sequence>
                                                <Action ID="setStateLaneKeeping"/>
                                            </Fallback>
                                        </Sequence>
                                        <Sequence name="check Collision">
                                            <Condition ID="checkFrontObject"/>
                                            <Fallback name="">
                                                <Sequence name="lane_keeping">
                                                    <Inverter>
                                                        <Condition ID="checkIrregularFront"/>
                                                    </Inverter>
                                                    <Fallback name="lane_keeping">
                                                        <Condition ID="checkNearCorner"/>
                                                        <Condition ID="checkObjectNearGoal"/>
                                                        <Condition ID="checkMeNearGoal"/>
                                                    </Fallback>
                                                    <Action ID="setStateLaneKeeping"/>
                                                </Sequence>
                                                <Fallback name="lane_change">
                                                    <Sequence>
                                                        <Condition ID="checkProfitLaneChangeLeft"/>
                                                        <Fallback>
                                                            <Sequence name="">
                                                                <Fallback>
                                                                    <Condition ID="checkObjectStaticLeftLane"/>
                                                                    <Condition ID="checkIrregularLeft"/>
                                                                </Fallback>
                                                                <Action ID="setStateLaneKeeping"/>
                                                            </Sequence>
                                                            <Sequence name="">
                                                                <Condition ID="checkLaneChangeableLeft"/>
                                                                <Action ID="genPathLaneChangeLeft"/>
                                                                <Fallback name="">
                                                                    <Sequence name="">
                                                                        <Fallback name="">
                                                                            <Condition ID="checkObjectStaticLeftLane"/>
                                                                            <Condition ID="checkCollisionBehindLeft"/>
                                                                        </Fallback>
                                                                        <Action ID="setStateLaneKeeping"/>
                                                                    </Sequence>
                                                                    <Action ID="setStateLaneChangeLeft"/>
                                                                </Fallback>
                                                            </Sequence>
                                                            <Action ID="setStateLaneKeeping"/>
                                                        </Fallback>
                                                    </Sequence>
                                                    <Sequence>
                                                        <Condition ID="checkProfitLaneChangeRight"/>
                                                        <Fallback>
                                                            <Sequence>
                                                                <Fallback>
                                                                    <Condition ID="checkObjectStaticRightLane" name="checkObjectStaticRigtLane"/>
                                                                    <Condition ID="checkIrregularRight"/>
                                                                </Fallback>
                                                                <Action ID="setStateLaneKeeping"/>
                                                            </Sequence>
                                                            <Sequence>
                                                                <Condition ID="checkLaneChangeableRight"/>
                                                                <Action ID="genPathLaneChangeRight"/>
                                                                <Fallback name="">
                                                                    <Sequence name="">
                                                                        <Fallback name="">
                                                                            <Condition ID="checkObjectStaticRightLane"/>
                                                                            <Condition ID="checkCollisionBehindRight"/>
                                                                        </Fallback>
                                                                        <Action ID="setStateLaneKeeping"/>
                                                                    </Sequence>
                                                                    <Action ID="setStateLaneChangeRight"/>
                                                                </Fallback>
                                                            </Sequence>
                                                            <Action ID="setStateLaneKeeping"/>
                                                        </Fallback>
                                                    </Sequence>
                                                </Fallback>
                                            </Fallback>
                                        </Sequence>
                                        <Action ID="setStateLaneKeeping"/>
                                    </Fallback>
                                    <Fallback name="">
                                        <Condition ID="checkMustLaneChange"/>
                                        <AlwaysSuccess/>
                                    </Fallback>
                                </Sequence>
                            </Sequence>
                            <Sequence name="LaneChangeLeft">
                                <Condition ID="checkStateLaneChangeLeft"/>
                                <Fallback name="">
                                    <Sequence name="">
                                        <Condition ID="checkEndLaneChange"/>
                                        <Action ID="setStateLaneKeeping"/>
                                        <Action ID="callPathGlobal"/>
                                    </Sequence>
                                    <Action ID="speedProfileLaneChange"/>
                                </Fallback>
                            </Sequence>
                            <Sequence name="LaneChangeRigth">
                                <Condition ID="checkStateLaneChangeRight"/>
                                <Fallback name="">
                                    <Sequence name="">
                                        <Condition ID="checkEndLaneChange"/>
                                        <Action ID="setStateLaneKeeping"/>
                                        <Action ID="callPathGlobal"/>
                                    </Sequence>
                                    <Action ID="speedProfileLaneChange"/>
                                </Fallback>
                            </Sequence>
                            <Sequence name="Recovery">
                                <Action ID="setStateLaneKeeping"/>
                            </Sequence>
                        </Fallback>
                        <Fallback name="traffic check">
                            <Condition ID="checkPassAbleTrafficLight"/>
                            <Action ID="stopTrafficLight"/>
                        </Fallback>
                        <Fallback name="unprotectedTurn">
                            <Sequence>
                                <Condition ID="checkUnprotected"/>
                                <Condition ID="checkImpassalbeUnprotected"/>
                                <Action ID="stop"/>
                            </Sequence>
                            <AlwaysSuccess/>
                        </Fallback>
                    </Sequence>
                </Sequence>
                <Action ID="setPath"/>
                <Action ID="publishData"/>
                <Fallback name="mission state">
                    <Sequence>
                        <Condition ID="checkArriveGoal"/>
                        <Action ID="setStateMissionArrive"/>
                        <Action ID="publishStateMission"/>
                    </Sequence>
                    <Sequence>
                        <Action ID="setStateMissionGoing"/>
                    </Sequence>
                </Fallback>
            </Sequence>
        </Fallback>
    </BehaviorTree>
    <!-- ////////// -->
    <TreeNodesModel>
        <Action ID="acc"/>
        <Action ID="callPathGlobal"/>
        <Action ID="callPathGlobalLeft"/>
        <Action ID="callPathGlobalRight"/>
        <Condition ID="checkAbleAstar"/>
        <Condition ID="checkArriveGoal"/>
        <Condition ID="checkCollision"/>
        <Condition ID="checkCollisionBehindLeft"/>
        <Condition ID="checkCollisionBehindRight"/>
        <Condition ID="checkEndLaneChange"/>
        <Condition ID="checkExistPathGlobal"/>
        <Condition ID="checkFailLaneChange"/>
        <Condition ID="checkFrontObject"/>
        <Condition ID="checkGlobalLaneChange"/>
        <Condition ID="checkImpassalbeUnprotected"/>
        <Condition ID="checkIrregularFront"/>
        <Condition ID="checkIrregularLeft"/>
        <Condition ID="checkIrregularRight"/>
        <Condition ID="checkLaneChange"/>
        <Condition ID="checkLaneChangeableLeft"/>
        <Condition ID="checkLaneChangeableRight"/>
        <Condition ID="checkLeftChange"/>
        <Condition ID="checkMeNearGoal"/>
        <Condition ID="checkMissionWait"/>
        <Condition ID="checkMustLaneChange"/>
        <Condition ID="checkNearCorner"/>
        <Condition ID="checkNearStopline"/>
        <Condition ID="checkObjectNearGoal"/>
        <Condition ID="checkObjectStaticLeftLane"/>
        <Condition ID="checkObjectStaticRightLane"/>
        <Condition ID="checkPassAbleTrafficLight"/>
        <Condition ID="checkProfitLaneChangeLeft"/>
        <Condition ID="checkProfitLaneChangeRight"/>
        <Condition ID="checkStateLaneChangeLeft"/>
        <Condition ID="checkStateLaneChangeRight"/>
        <Condition ID="checkStateLaneKeeping"/>
        <Condition ID="checkUnprotected"/>
        <Action ID="genPathLaneChangeLeft"/>
        <Action ID="genPathLaneChangeRight"/>
        <Action ID="genPathLaneKeeping"/>
        <Action ID="init"/>
        <Action ID="laneChangeLeft"/>
        <Action ID="laneChangeRight"/>
        <Action ID="publishData"/>
        <Action ID="publishStateMission"/>
        <Action ID="setPath"/>
        <Action ID="setStateLaneChangeLeft"/>
        <Action ID="setStateLaneChangeRight"/>
        <Action ID="setStateLaneKeeping"/>
        <Action ID="setStateMissionArrive"/>
        <Action ID="setStateMissionGoing"/>
        <Action ID="speedProfileLaneChange"/>
        <Action ID="stop"/>
        <Action ID="stopTrafficLight"/>
    </TreeNodesModel>
    <!-- ////////// -->
</root>

