<?xml version="1.0"?>
<root main_tree_to_execute="BehaviorTree">
    <!-- ////////// -->
    <BehaviorTree ID="BehaviorTree">
        <Fallback name="Core_seq">
            <Sequence>
                <Condition ID="checkMissionWait"/>
                <Action ID="stop"/>
            </Sequence>
            <Sequence>
                <Action ID="init"/>
                <SubTree ID="treeGenGlobalFollowPath"/>
                <Fallback name="mission_start">
                    <Sequence>
                        <Condition ID="checkFrontObject"/>
                        <Fallback>
                            <Sequence>
                                <Condition ID="checkIsGlobalFollow"/>
                                <Fallback name="loc_check">
                                    <Sequence>
                                        <Condition ID="checkNearCorner"/>
                                        <Action ID="acc"/>
                                    </Sequence>
                                    <Sequence>
                                        <Condition ID="checkNearStopline"/>
                                        <Action ID="acc"/>
                                    </Sequence>
                                    <Sequence>
                                        <Condition ID="checkProfitKeeplane"/>
                                        <Action ID="acc"/>
                                    </Sequence>
                                </Fallback>
                            </Sequence>
                            <Fallback name="lane_check">
                                <Sequence>
                                    <Condition ID="checkLaneChange"/>
                                    <Fallback name="lane_check">
                                        <Sequence>
                                            <Condition ID="checkLeftchageAble"/>
                                            <Fallback>
                                                <Sequence>
                                                    <Condition ID="checkCollision"/>
                                                    <Action ID="keepLane"/>
                                                </Sequence>
                                                <Action ID="laneChangeLeft"/>
                                            </Fallback>
                                        </Sequence>
                                        <Fallback>
                                            <Sequence>
                                                <Condition ID="checkCollision"/>
                                                <Action ID="keepLane"/>
                                            </Sequence>
                                            <Action ID="laneChangeRight"/>
                                        </Fallback>
                                    </Fallback>
                                </Sequence>
                                <Sequence name="Local_path">
                                    <Sequence>
                                        <Condition ID="checkEmptyLocal"/>
                                        <Sequence name="Gen_Local">
                                            <Action ID="stop"/>
                                            <Action ID="genLocalPath"/>
                                            <Action ID="setStartLocal"/>
                                        </Sequence>
                                    </Sequence>
                                    <Fallback name="local_check">
                                        <Sequence>
                                            <Condition ID="checkFinishLocal"/>
                                            <Action ID="setFinishLocal"/>
                                        </Sequence>
                                        <Sequence>
                                            <Condition ID="checkCollision"/>
                                            <Action ID="stop"/>
                                        </Sequence>
                                        <Action ID="localPathfollow"/>
                                    </Fallback>
                                </Sequence>
                            </Fallback>
                        </Fallback>
                    </Sequence>
                    <Sequence>
                        <Condition ID="checkNearStopline"/>
                        <Fallback>
                            <Sequence>
                                <Condition ID="checkPassAble"/>
                                <Sequence>
                                    <Sequence>
                                        <Condition ID="checkCollision"/>
                                        <Action ID="stop"/>
                                    </Sequence>
                                    <Action ID="drive"/>
                                </Sequence>
                            </Sequence>
                            <Action ID="stop"/>
                        </Fallback>
                    </Sequence>
                    <Action ID="drive"/>
                </Fallback>
                <Action ID="setPath"/>
            </Sequence>
        </Fallback>
    </BehaviorTree>
    <!-- ////////// -->
    <BehaviorTree ID="treeGenGlobalFollowPath">
        <Fallback>
            <Sequence>
                <Condition ID="checkGlobalLaneChange"/>
                <Fallback>
                    <Sequence>
                        <Condition ID="checkLetfChange"/>
                        <Fallback>
                            <Sequence>
                                <Condition ID="checkCollision"/>
                                <Action ID="keepLane"/>
                            </Sequence>
                            <Action ID="laneChangeLeft"/>
                        </Fallback>
                    </Sequence>
                    <Fallback>
                        <Sequence>
                            <Condition ID="checkCollision"/>
                            <Action ID="keepLane"/>
                        </Sequence>
                        <Action ID="laneChangeRight"/>
                    </Fallback>
                </Fallback>
            </Sequence>
            <Action ID="genGlobalFollowPath"/>
        </Fallback>
    </BehaviorTree>
    <!-- ////////// -->
    <TreeNodesModel>
        <Action ID="acc"/>
        <Condition ID="checkCollision"/>
        <Condition ID="checkEmptyLocal"/>
        <Condition ID="checkFinishLocal"/>
        <Condition ID="checkFrontObject"/>
        <Condition ID="checkGlobalLaneChange"/>
        <Condition ID="checkIsGlobalFollow"/>
        <Condition ID="checkLaneChange"/>
        <Condition ID="checkLeftchageAble"/>
        <Condition ID="checkLetfChange"/>
        <Condition ID="checkMissionWait"/>
        <Condition ID="checkNearCorner"/>
        <Condition ID="checkNearStopline"/>
        <Condition ID="checkPassAble"/>
        <Condition ID="checkProfitKeeplane"/>
        <Action ID="drive"/>
        <Action ID="genGlobalFollowPath"/>
        <Action ID="genLocalPath"/>
        <Action ID="init"/>
        <Action ID="keepLane"/>
        <Action ID="laneChangeLeft"/>
        <Action ID="laneChangeRight"/>
        <Action ID="localPathFollow"/>
        <Action ID="localPathfollow"/>
        <Action ID="setFinishLocal"/>
        <Action ID="setPath"/>
        <Action ID="setStartLocal"/>
        <Action ID="stop"/>
        <SubTree ID="treeGenGlobalFollowPath"/>
    </TreeNodesModel>
    <!-- ////////// -->
</root>

