 <root main_tree_to_execute = "ObstacleTree" >
     <BehaviorTree ID="ObstacleTree">
        <ReactiveFallback name="root_sequence">
            <ReactiveSequence name="3-goal">
                <EEYThreshold   name="ee_y_threshold" threshold="{y_threshold}" ee_y="{ee_y}"/> 
                <SetMGGoal   name="mg_goal3"
                    mp_param_x="{mp_3_x}"
                    mg_trans_x="{mg_trans_x}"/>
            </ReactiveSequence>
            <ReactiveSequence name="2-traverse">
                <EEZThreshold   name="ee_z_threshold" threshold="{z_threshold}" ee_z="{ee_z}"/> 
                <SetMGGoal   name="mg_goal2"
                    mp_param_x="{mp_2_x}"
                    mg_trans_x="{mg_trans_x}"/>
            </ReactiveSequence>
            <SetMGGoal   name="mg_goal1"
                    mp_param_x="{mp_1_x}"
                    mg_trans_x="{mg_trans_x}"/>
        </ReactiveFallback>
     </BehaviorTree>
 </root>