<?xml version="1.0"?>
<root main_tree_to_execute="BehaviorTree">
    <!-- ////////// -->
    <BehaviorTree ID="BehaviorTree">
        <Parallel failure_threshold="1" success_threshold="1">
            <Repeat num_cycles="-1">
                <Action ID="VariantAction" value="{variant}"/>
            </Repeat>
            <Switch3 case_1="pick" case_2="deliver" case_3="dock" variable="{variant}">
                <SubTreePlus ID="PickDeliverCharge"/>
                <SubTreePlus ID="DeliverCharge"/>
                <SubTreePlus ID="Charge"/>
                <SubTreePlus ID="PickDeliverCharge"/>
            </Switch3>
        </Parallel>
    </BehaviorTree>
    <!-- ////////// -->
    <BehaviorTree ID="Charge">
        <Sequence name="Charge">
            <SubTreePlus ID="GoTo" __shared_blackboard="false" x_input="-9.33" y_input="2.17"/>
        </Sequence>
    </BehaviorTree>
    <!-- ////////// -->
    <BehaviorTree ID="Deliver">
        <Sequence name="deliver">
            <SubTreePlus ID="GoTo" __shared_blackboard="false" x_input="-8.08" y_input="4.11"/>
            <Action ID="objectdrop" obj_index="-1"/>
        </Sequence>
    </BehaviorTree>
    <!-- ////////// -->
    <BehaviorTree ID="DeliverCharge">
        <Sequence name="Deliver/Charge">
            <SubTreePlus ID="Deliver"/>
            <SubTreePlus ID="GoTo" __shared_blackboard="false" x_input="-9.33" y_input="8"/>
        </Sequence>
    </BehaviorTree>
    <!-- ////////// -->
    <BehaviorTree ID="GoTo">
        <Sequence name="GoTo">
            <Action ID="pathPlanner" number_of_waypoints="{number_of_waypoints_}" waypoints="{waypoints_}" x="{x_input}" y="{y_input}"/>
            <Condition ID="CheckPositiveCondition" value="{number_of_waypoints_}"/>
            <Repeat num_cycles="{number_of_waypoints_}">
                <Sequence>
                    <Action ID="ExecutePathAction" w_x="{_w_x}" w_y="{_w_y}" waypoints="{waypoints_}"/>
                    <Action ID="moveRoboterPosition" approachRadius="150" x="{_w_x}" y="{_w_y}"/>
                </Sequence>
            </Repeat>
        </Sequence>
    </BehaviorTree>
    <!-- ////////// -->
    <BehaviorTree ID="PickDeliverCharge">
        <Sequence name="Pick/Deliver/Charge">
            <SubTreePlus ID="pick_subtree"/>
            <SubTreePlus ID="Deliver"/>
            <SubTreePlus ID="GoTo" __shared_blackboard="false" x_input="-9.33" y_input="2.17"/>
        </Sequence>
    </BehaviorTree>
    <!-- ////////// -->
    <BehaviorTree ID="pick_subtree">
        <Sequence>
            <Action ID="objectplacement" query="WOODENBOX_0.1_0.3_0.3_0.3"/>
            <Repeat num_cycles="4">
                <ForceSuccess>
                    <Sequence name="pick">
                        <Action ID="TxtToWaypointsAction" goal_path="boxes" x="{x}" y="{y}"/>
                        <SubTreePlus ID="GoTo" __shared_blackboard="false" x_input="{x}" y_input="{y}"/>
                        <Action ID="objectplacement" query="MOCK_0.5_0.3_0.3_0.3"/>
                    </Sequence>
                </ForceSuccess>
            </Repeat>
        </Sequence>
    </BehaviorTree>
    <!-- ////////// -->
    <TreeNodesModel>
        <SubTreePlus ID="Charge"/>
        <Condition ID="CheckPositiveCondition">
            <input_port default="{number_of_waypoints}" name="value"/>
        </Condition>
        <SubTreePlus ID="Deliver"/>
        <SubTreePlus ID="DeliverCharge"/>
        <Action ID="ExecutePathAction">
            <output_port default="{_w_x}" name="w_x"/>
            <output_port default="{_w_y}" name="w_y"/>
            <input_port default="{waypoints_}" name="waypoints"/>
        </Action>
        <SubTreePlus ID="GoTo">
            <input_port default="false" name="__shared_blackboard">If false (default), the Subtree has an isolated blackboard and needs port remapping</input_port>
            <input_port default="1.61" name="x_input"/>
            <input_port default="7.76" name="y_input"/>
        </SubTreePlus>
        <SubTreePlus ID="PickDeliverCharge"/>
        <Action ID="TxtToWaypointsAction">
            <input_port default="boxes" name="goal_path"/>
            <output_port default="{x}" name="x"/>
            <output_port default="{y}" name="y"/>
        </Action>
        <Action ID="VariantAction">
            <output_port default="{variant}" name="value"/>
        </Action>
        <Action ID="activateLocalization"/>
        <Action ID="approachLocation">
            <input_port default="1" name="locationId"/>
        </Action>
        <Action ID="approachWall"/>
        <Action ID="deactivateLocalization"/>
        <Action ID="getBaseCharging">
            <output_port default="{charging}" name="charging"/>
        </Action>
        <Action ID="getPersonPose">
            <input_port default="MARIA" name="personname"/>
            <output_port default="{x_}" name="x"/>
            <output_port default="{y_}" name="y"/>
            <output_port default="{z_}" name="z"/>
        </Action>
        <Action ID="initNavigation"/>
        <Action ID="loadMap"/>
        <Action ID="loadNavigationMap">
            <input_port default="navigation-map" name="mapname"/>
        </Action>
        <Action ID="moveRoboterBackwardsLocation"/>
        <Action ID="moveRoboterBackwardsRelative"/>
        <Action ID="moveRoboterOrientateRobotAbs"/>
        <Action ID="moveRoboterOrientateRobotRel"/>
        <Action ID="moveRoboterPosition">
            <input_port default="50" name="approachRadius"/>
            <input_port default="0" name="x"/>
            <input_port default="0" name="y"/>
        </Action>
        <Action ID="objectdrop">
            <input_port name="obj_index"/>
        </Action>
        <Action ID="objectplacement">
            <input_port name="query"/>
        </Action>
        <Action ID="pathPlanner">
            <output_port default="{number_of_waypoints_}" name="number_of_waypoints"/>
            <output_port default="{waypoints_}" name="waypoints"/>
            <input_port default="0" name="x"/>
            <input_port default="0" name="y"/>
        </Action>
        <Action ID="peoplerecognition"/>
        <SubTreePlus ID="pick_subtree"/>
        <Action ID="setRobotPose">
            <input_port default="0" name="x"/>
            <input_port default="0" name="y"/>
            <input_port default="0" name="yaw"/>
        </Action>
        <Action ID="startJoystickNavigation"/>
        <Action ID="startReactiveNavigation"/>
        <Action ID="stopJoystickNavigation"/>
        <Action ID="stopReactiveNavigation"/>
        <Action ID="triggerGlobalLocalization"/>
    </TreeNodesModel>
    <!-- ////////// -->
</root>

