<root main_tree_to_execute="MainTree">

  <BehaviorTree ID="MainTree">
    <Sequence name="main_sequence">
        <NavigateVehicle/>
        <Sequence name="main_manipulator_sequence">
            <Fallback name="find_object">
                <Sequence name="search_frame1">
                    <Sequence name="search1">
                        <PlanManipulatorPath plan_to_frame="search1"/>
                        <MoveManipulator path="{manipulator_path}"/>
                    </Sequence>
                    <ObjectSearch/>
                </Sequence>
                <Sequence name="search_frame2">
                    <Sequence name="search2">
                        <PlanManipulatorPath plan_to_frame="search2"/>
                        <MoveManipulator path="{manipulator_path}"/>
                    </Sequence>
                    <ObjectSearch/>
                </Sequence>
                <Sequence name="search_frame3">
                    <Sequence name="search3">
                        <PlanManipulatorPath plan_to_frame="search3"/>
                        <MoveManipulator path="{manipulator_path}"/>
                    </Sequence>
                    <ObjectSearch/>
                </Sequence>
            </Fallback>
            <Sequence name="handle_object">
                <Fallback name="handle_not_able_to_close">
                    <Sequence name="pick_object">
                        <Sequence name="main_move_to_object">
                            <PlanManipulatorPath plan_to_frame="object" object_pose="{pose}"/>
                            <MoveManipulator path="{manipulator_path}"/>
                        </Sequence>
                        <MoveGripper action="close"/>
                    </Sequence>
                    <ForceFailure name="force_failure1">
                        <Sequence name="movetodrive">
                            <PlanManipulatorPath plan_to_frame="driveposition"/>
                            <MoveManipulator path="{manipulator_path}"/>
                        </Sequence>
                    </ForceFailure>
                </Fallback>
                <Sequence name="leave_object">
                    <Fallback name="find_empty_frame">
                        <Fallback name="check_empty_frame">
                            <EmptyFrame check_frame="carryarea1" empty_frame="{empty_frame}"/>
                            <EmptyFrame check_frame="carryarea2"/>
                            <EmptyFrame check_frame="carryarea3"/>
                        </Fallback>
                        <ForceFailure name="force_failure2">
                            <MoveGripper action="open"/>
                        </ForceFailure>
                    </Fallback>
                    <Sequence name="emptyframe">
                        <PlanManipulatorPath plan_to_frame="{empty_frame}"/>
                        <MoveManipulator path="{manipulator_path}"/>
                    </Sequence>
                    <MoveGripper action="open"/>
                    <Sequence name="drive">
                        <PlanManipulatorPath plan_to_frame="driveposition"/>
                        <MoveManipulator path="{manipulator_path}"/>
                    </Sequence>
                </Sequence>
            </Sequence>
        </Sequence>
    </Sequence>
  </BehaviorTree> 
</root>
