<?xml version="1.0"?>
<root main_tree_to_execute="BehaviorTree">
    <!-- ////////// -->
    <BehaviorTree ID="BehaviorTree">
        <Sequence>
            <Action ID="MoveGoal" TargetPoint="{target_point}"/>
            <ForceSuccess>
                <Action ID="Wait" WaitTime="{wait_time}"/>
            </ForceSuccess>
            <Action ID="MoveGoal" TargetPoint="{target_point}"/>
            <ForceSuccess>
                <Action ID="Wait" WaitTime="{wait_time}"/>
            </ForceSuccess>
        </Sequence>
    </BehaviorTree>
    <!-- ////////// -->
    <TreeNodesModel>
        <Action ID="MoveGoal">
            <inout_port default="{target_point}" name="TargetPoint"/>
        </Action>
        <Action ID="Wait">
            <input_port default="{wait_time}" name="WaitTime"/>
        </Action>
    </TreeNodesModel>
    <!-- ////////// -->
</root>

