<?xml version="1.0"?>
<root main_tree_to_execute="BehaviorTree">
    <!-- ////////// -->
    <BehaviorTree ID="BehaviorTree">
                   
                <Sequence>
                    <Action ID="MoveBack"/>
                    <Action ID="GoToTable"/>                                     
                </Sequence>            
        
    </BehaviorTree>
    <!-- ////////// -->
    <TreeNodesModel>
        <Action ID="lookAtTheTray"/>
        <Action ID="DetectHandles"/>
        <Action ID="PickTray"/>
        <Action ID="LookUp"/>
        <Action ID="PlaceTray"/>
        <Action ID="MoveBack"/>
        <Action ID="GoToTable"/>             
        
    </TreeNodesModel>
    <!-- ////////// -->
</root>
