
<root main_tree_to_execute="MainTree">
  <BehaviorTree ID="MainTree">
    <RecoveryNode number_of_retries="6" name="NavigateRecovery">
      <ResetterNode>
        <GoalUpdated/>
        <ProgressCheckerPipeline name="NavigateWithReplanning">
          <RateController hz="0.02">
            <RecoveryNode number_of_retries="1" name="ComputePathToPose">
              <ComputePathToPose goal="{goal}" path="{path_coarse}" planner_id="GridBased" server_timeout="60.0"/>
              <ReactiveFallback name="ComputePathToPoseRecoveryFallback">
                <GoalUpdated/>
                <ClearEntireCostmap name="ClearGlobalCostmap-Context" service_name="global_costmap/clear_entirely_global_costmap"/>
              </ReactiveFallback>
            </RecoveryNode>
          </RateController>
          <DistanceController distance="2.0">
            <RecoveryNode number_of_retries="1" name="SmoothPath">
              <SmoothPath path_in="{path_coarse}" path_out="{path}" smoother_id="SmoothPath"/>
              <ReactiveFallback name="SmoothPathRecoveryFallback">
                <GoalUpdated/>
                <Sequence>
                  <ClearEntireCostmap name="ClearGlobalCostmapSmoother-Context" service_name="global_costmap/clear_entirely_global_costmap"/>
                  <ComputePathToPose goal="{goal}" path="{path_coarse}" planner_id="GridBased" server_timeout="60.0"/>
                </Sequence>
              </ReactiveFallback>
            </RecoveryNode>
          </DistanceController>
          <RecoveryNode number_of_retries="1" name="FollowPath">
            <FollowPath path="{path}" controller_id="FollowPath"/>
            <ReactiveFallback name="FollowPathRecoveryFallback">
              <GoalUpdated/>
              <ClearEntireCostmap name="ClearLocalCostmap-Context" service_name="local_costmap/clear_entirely_local_costmap"/>
            </ReactiveFallback>
          </RecoveryNode>
          <HadFeedback name="HadFeedback_FollowPath"/>
        </ProgressCheckerPipeline>
      </ResetterNode>
      <ReactiveFallback name="RecoveryFallback">
        <GoalUpdated/>
        <RoundRobin name="RecoveryActions">
          <Sequence name="ClearingActions">
            <ClearEntireCostmap name="ClearLocalCostmap-Subtree" service_name="local_costmap/clear_entirely_local_costmap"/>
            <ClearEntireCostmap name="ClearGlobalCostmap-Subtree" service_name="global_costmap/clear_entirely_global_costmap"/>
          </Sequence>
          <!-- <Spin spin_dist="1.57"/> -->
          <Wait wait_duration="5"/>
          <BackUp backup_dist="0.15" backup_speed="0.025"/>
        </RoundRobin>
      </ReactiveFallback>
    </RecoveryNode>
  </BehaviorTree>
</root>
