<!--
  This Behavior Tree replans the global path periodically at 1 Hz.
-->

<root main_tree_to_execute="MainTree">
  <BehaviorTree ID="MainTree">
    <SequenceStar name="NavigateWithReplanning">
      <SplitGoal goal="{goal}"
        get_out_teb_need="{getOutTebNeed}" get_out_teb_goal="{getOutTebGoal}"
        nominal_teb_need="{nominalTebNeed}" nominal_teb_goal="{nominalTebGoal}"
        get_in_teb_need="{getInTebNeed}" get_in_teb_goal="{getInTebGoal}"/>

      <Fallback>
        <Inverter>
          <BooleanCondition boolean="{getOutTebNeed}"/>
        </Inverter>

        <PipelineSequence>
          <RateController hz="2.0">
            <ComputePathToPose goal="{getOutTebGoal}" path="{pathGetOut}" planner_id="GridBased"/>
          </RateController>
          <FollowPath path="{pathGetOut}" controller_id="AccurateController"/>
        </PipelineSequence>
      </Fallback>

      <Fallback>
        <Inverter>
          <BooleanCondition boolean="{nominalTebNeed}"/>
        </Inverter>

        <PipelineSequence>
          <RateController hz="2.0">
            <ComputePathToPose goal="{nominalTebGoal}" path="{pathNominal}" planner_id="GridBased"/>
          </RateController>
          <FollowPath path="{pathNominal}" controller_id="NominalController"/>
        </PipelineSequence>
      </Fallback>

      <Fallback>
        <Inverter>
          <BooleanCondition boolean="{getInTebNeed}"/>
        </Inverter>
        <PipelineSequence>
          <RateController hz="2.0">
            <ComputePathToPose goal="{getInTebGoal}" path="{pathGetIn}" planner_id="GridBased"/>
          </RateController>
          <FollowPath path="{pathGetIn}" controller_id="AccurateController"/>
        </PipelineSequence>
      </Fallback>
    </SequenceStar>
  </BehaviorTree>
</root>
