<!--
  This Behavior Tree replans the global path periodically at 1 Hz and it also has
  recovery actions.
-->
<root main_tree_to_execute="MainTree">
  <BehaviorTree ID="MainTree">
    <RecoveryNode number_of_retries="6">
      <Sequence name="NavigateWithReplanning">
        <RateController hz="1.0">
          <Fallback>
            <GoalReached/>
            <ComputePathToPose goal="${goal}" path="${path}"/>
          </Fallback>
        </RateController>
        <FollowPath path="${path}"/>
      </Sequence>
      <SequenceStar name="RecoveryActions">
        <Spin/>
      </SequenceStar>
    </RecoveryNode>
  </BehaviorTree>
</root>
