<root main_tree_to_execute="MainTree">
    <!--  ===================================  -->
    <BehaviorTree ID="MainTree">
        <ForceSuccess/>
    </BehaviorTree>
    <!--  ===================================  -->
    <BehaviorTree ID="ShedTree">
        <FallbackStar>
            <SequenceStar>
                <Condition ID="IsOnPasture"/>
                <Condition ID="IsDay"/>
                <Condition ID="IsInShed"/>
                <Action ID="LeaveShed"/>
                <Action ID="FindRandomPastureField"/>
                <Action ID="Move"/>
            </SequenceStar>
            <SequenceStar>
                <Condition ID="IsOnPasture"/>
                <Condition ID="IsNight"/>
                <Inverter>
                    <Condition ID="IsInShed"/>
                </Inverter>
                <Action ID="FindShed"/>
                <Action ID="Move"/>
                <Action ID="EnterShed"/>
            </SequenceStar>
            <SequenceStar>
                <Condition ID="IsDay"/>
                <Inverter>
                    <Condition ID="IsInShed"/>
                </Inverter>
                <Action ID="RandomMove"/>
                <Action ID="Graze"/>
            </SequenceStar>
        </FallbackStar>
    </BehaviorTree>
    <!--  ===================================  -->
    <TreeNodesModel>
        <Condition ID="CanHaveSex"/>
        <Action ID="EatPrey"/>
        <Action ID="EnterShed"/>
        <Action ID="FindPrey"/>
        <Action ID="FindRandomPastureField"/>
        <Action ID="FindRetreat"/>
        <Action ID="FindShed"/>
        <Action ID="GiveBirth"/>
        <Action ID="Graze"/>
        <Condition ID="IsAdult"/>
        <Condition ID="IsCarnivore"/>
        <Condition ID="IsDay"/>
        <Condition ID="IsEgg"/>
        <Condition ID="IsEggLayer"/>
        <Condition ID="IsFemale"/>
        <Condition ID="IsHerbivore"/>
        <Condition ID="IsHungry"/>
        <Condition ID="IsInShed"/>
        <Condition ID="IsMale"/>
        <Condition ID="IsNight"/>
        <Condition ID="IsOnPasture"/>
        <Condition ID="IsPregnant"/>
        <Condition ID="IsProducer"/>
        <Condition ID="IsReadyToGiveBirth"/>
        <Condition ID="IsWoodVermin"/>
        <Condition ID="IsYoung"/>
        <Action ID="KillPrey"/>
        <Action ID="LayEgg"/>
        <Action ID="LeaveShed"/>
        <Action ID="Move"/>
        <Action ID="Produce"/>
        <Action ID="RandomMove"/>
        <SubTree ID="ShedTree"/>
        <Action ID="Sleep"/>
        <Action ID="TryHaveSex"/>
    </TreeNodesModel>
    <!--  ===================================  -->
</root>

