<root main_tree_to_execute = "MainTree">
    <BehaviorTree ID="MainTree">
        <Repeat num_cycles="3">
            <Sequence>
                <SetBlackboard output_key="Goal_a" value="-5.40;-5.37;0.0;1.0" />
                <SetBlackboard output_key="Goal_b" value="-3.94;-4.47;0.0;1.0" />
                <SetBlackboard output_key="Goal_c" value="-4.79;-6.87;0.0;1.0" />
                <Sequence>
                    <SubTree ID="MoveRobot" target="Goal_a" />
                    <SubTree ID="MoveRobot" target="Goal_b" />
                    <SubTree ID="MoveRobot" target="Goal_c" />
                </Sequence>
            </Sequence>
        </Repeat>
    </BehaviorTree>

    <BehaviorTree ID="MoveRobot">
        <Sequence name="SetGoal">
            <Nav2Client goal="{target}" />
        </Sequence>
    </BehaviorTree>
</root>
