<root main_tree_to_execute="MainTree">
	<BehaviorTree ID="MainTree">
		<Repeat num_cycles="9999">
			<Sequence>
				<Sequence>
					<Fallback>
						<Sequence>
							<HumanPoseDetect expected_pose_left="" expected_pose_right=""
								pose_left_speech="{pose_left_speech}" pose_right_speech="{pose_right_speech}" />
						</Sequence>
						<TextToSpeechActionClient msg="Left, " msg2="{pose_left_speech}" />
					</Fallback>
					<Fallback>
						<Sequence>
							<HumanPoseDetect expected_pose_left="" expected_pose_right=""
								pose_left_speech="{pose_left_speech}" pose_right_speech="{pose_right_speech}" />
						</Sequence>
						<TextToSpeechActionClient msg="Right, " msg2="{pose_right_speech}" />
					</Fallback>
				</Sequence>
			</Sequence>
		</Repeat>
	</BehaviorTree>
</root>
