<root main_tree_to_execute = "MainTree">
    <BehaviorTree ID="MainTree">
        <Sequence>
            <SetBlackboard output_key="Goal_a" value="-6.27;1.66;0.0;1.0" />
            <SetBlackboard output_key="Goal_b" value="-4.56;-0.87;0.0;1.0" />
            <SetBlackboard output_key="Goal_c" value="-3.65;0.82;0.0;1.0" />
            <Fallback>
                <ReactiveSequence>
                    <InterruptEvent event="gohome"/>
                    <Repeat num_cycles="10">
                        <Sequence>
                            <SubTree ID="MoveRobot" target="Goal_a" />
                            <SubTree ID="MoveRobot" target="Goal_b" />
                        </Sequence>
                    </Repeat>
                </ReactiveSequence>
                <Sequence>
                    <SubTree ID="MoveRobot" target="Goal_c" />
                </Sequence>
            </Fallback>
        </Sequence>
    </BehaviorTree>

    <BehaviorTree ID="MoveRobot">
        <Sequence name="SetGoal">
            <Nav2Client goal="{target}" />
        </Sequence>
    </BehaviorTree>
</root>
